sequenceID	species	genotype	subtype
A15114	SRLV	A	A1
AB818536	SRLV	A	A3
AF015180	SRLV	BC	B1
AF015181	SRLV	BC	B1
AF015182	SRLV	BC	B1
AF105154	SRLV	BC	B1
AF105155	SRLV	BC	B1
AF105156	SRLV	BC	B1
AF105157	SRLV	BC	B1
AF105158	SRLV	BC	B1
AF105159	SRLV	BC	B1
AF105160	SRLV	BC	B1
AF105161	SRLV	BC	B1
AF105162	SRLV	BC	B1
AF105163	SRLV	BC	B1
AF105164	SRLV	BC	B1
AF105165	SRLV	BC	B1
AF105166	SRLV	BC	B1
AF105167	SRLV	BC	B1
AF105168	SRLV	BC	B1
AF105169	SRLV	BC	B1
AF105170	SRLV	BC	B1
AF105171	SRLV	BC	B1
AF105172	SRLV	BC	B1
AF105173	SRLV	BC	B1
AF105174	SRLV	BC	B1
AF105175	SRLV	BC	B1
AF105176	SRLV	BC	B1
AF105177	SRLV	BC	B1
AF105178	SRLV	BC	B1
AF105179	SRLV	BC	B1
AF105180	SRLV	BC	B1
AF105181	SRLV	BC	B1
AF105182	SRLV	BC	B1
AF105183	SRLV	BC	B1
AF105184	SRLV	BC	B1
AF105185	SRLV	BC	B1
AF105186	SRLV	BC	B1
AF105187	SRLV	BC	B1
AF105188	SRLV	BC	B1
AF105189	SRLV	BC	B1
AF105190	SRLV	BC	B1
AF105191	SRLV	BC	B1
AF105192	SRLV	BC	B1
AF105193	SRLV	BC	B1
AF105194	SRLV	BC	B1
AF105195	SRLV	BC	B1
AF105196	SRLV	BC	B1
AF105197	SRLV	BC	B1
AF105198	SRLV	BC	B1
AF156858	SRLV	BC	B1
AF156859	SRLV	BC	B1
AF156860	SRLV	BC	B1
AF156861	SRLV	BC	B1
AF156862	SRLV	BC	B1
AF156863	SRLV	BC	B1
AF156864	SRLV	BC	B1
AF156865	SRLV	BC	B1
AF156866	SRLV	BC	B1
AF156867	SRLV	BC	B1
AF156868	SRLV	BC	B1
AF156869	SRLV	BC	B1
AF156870	SRLV	BC	B1
AF156871	SRLV	BC	B1
AF156872	SRLV	BC	B1
AF156873	SRLV	BC	B1
AF156874	SRLV	BC	B1
AF156875	SRLV	BC	B1
AF156876	SRLV	BC	B1
AF156877	SRLV	BC	B1
AF322851	SRLV	BC	C
AF322852	SRLV	BC	C
AF322853	SRLV	BC	C
AF322854	SRLV	-	-
AF322855	SRLV	BC	C
AF322856	SRLV	BC	C
AF338226	SRLV	A	A3
AF338227	SRLV	A	A1
AF362293	SRLV	BC	B1
AF362294	SRLV	BC	B1
AF362295	SRLV	BC	B1
AF362296	SRLV	BC	B1
AF362297	SRLV	BC	B1
AF362298	SRLV	BC	B1
AF362299	SRLV	BC	B1
AF362300	SRLV	BC	B1
AF362301	SRLV	BC	B1
AF362302	SRLV	BC	B1
AF362303	SRLV	BC	B1
AF362304	SRLV	BC	B1
AF362305	SRLV	BC	B1
AF362306	SRLV	BC	B1
AF362307	SRLV	BC	B1
AF362308	SRLV	BC	B1
AF362309	SRLV	BC	B1
AF362310	SRLV	BC	B1
AF362311	SRLV	BC	B1
AF362312	SRLV	BC	B1
AF362313	SRLV	BC	B1
AF362314	SRLV	BC	B1
AF362315	SRLV	BC	B1
AF362316	SRLV	BC	B1
AF362317	SRLV	BC	B1
AF362318	SRLV	BC	B1
AF362319	SRLV	BC	B1
AF362320	SRLV	BC	B1
AF362321	SRLV	BC	B1
AF362322	SRLV	BC	B1
AF362323	SRLV	BC	B1
AF362324	SRLV	BC	B1
AF362325	SRLV	BC	B1
AF402664	SRLV	BC	B1
AF402665	SRLV	BC	B1
AF402666	SRLV	BC	B1
AF402667	SRLV	BC	B1
AF402668	SRLV	BC	B1
AF474005	SRLV	A	A1
AF474006	SRLV	A	A1
AF474007	SRLV	A	A1
AJ305039	SRLV	A	-
AJ305040	SRLV	BC	B1
AJ305041	SRLV	BC	B1
AJ305042	SRLV	BC	B1
AJ305050	SRLV	A	-
AJ305051	SRLV	BC	B1
AJ305052	SRLV	BC	B1
AJ305053	SRLV	BC	B1
AJ400718	SRLV	BC	B1
AJ400719	SRLV	BC	B1
AJ400720	SRLV	BC	B1
AJ400721	SRLV	BC	B1
AJ969032	SRLV	A	A1
AJ969033	SRLV	A	A1
AJ969034	SRLV	A	A1
AJ969035	SRLV	A	A1
AJ969036	SRLV	A	A1
AJ969037	SRLV	A	A1
AJ969038	SRLV	A	-
AJ969039	SRLV	A	-
AJ969040	SRLV	A	-
AJ969041	SRLV	A	-
AJ969042	SRLV	A	-
AJ969043	SRLV	A	-
AM084203	SRLV	A	A3
AM084204	SRLV	A	A3
AM084205	SRLV	A	A3
AM084206	SRLV	A	-
AM084207	SRLV	A	A3
AM084208	SRLV	A	-
AM084209	SRLV	A	-
AM084210	SRLV	A	A1
AM084211	SRLV	A	A1
AM084212	SRLV	A	A1
AM084213	SRLV	A	-
AM084214	SRLV	A	-
AM084215	SRLV	A	-
AM419950	SRLV	A	-
AM419951	SRLV	A	-
AY039765	SRLV	BC	B1
AY039766	SRLV	BC	B1
AY039767	SRLV	BC	B1
AY039768	SRLV	BC	B1
AY039769	SRLV	BC	B1
AY039770	SRLV	BC	B1
AY039771	SRLV	BC	B1
AY039772	SRLV	BC	B1
AY039773	SRLV	BC	B1
AY039774	SRLV	BC	B1
AY039775	SRLV	BC	B1
AY039776	SRLV	BC	B1
AY039777	SRLV	BC	B1
AY039778	SRLV	BC	B1
AY039779	SRLV	BC	B1
AY039780	SRLV	BC	B1
AY039781	SRLV	BC	B1
AY039782	SRLV	BC	B1
AY039783	SRLV	BC	B1
AY039784	SRLV	BC	B1
AY044803	SRLV	BC	B2
AY044804	SRLV	BC	B2
AY044805	SRLV	BC	B2
AY044806	SRLV	BC	B2
AY044807	SRLV	BC	B2
AY044808	SRLV	BC	B2
AY044809	SRLV	BC	B2
AY044810	SRLV	BC	B2
AY047362	SRLV	BC	B1
AY081139	SRLV	BC	B1
AY101347	SRLV	BC	B1
AY101348	SRLV	BC	B1
AY101611	SRLV	A	A3
AY265455	SRLV	A	-
AY265456	SRLV	BC	B2
AY362022	SRLV	A	A3
AY362024	SRLV	A	A3
AY362026	SRLV	A	A3
AY362029	SRLV	A	A3
AY362030	SRLV	A	A3
AY362032	SRLV	A	A3
AY362035	SRLV	A	A3
AY362038	SRLV	A	A3
AY454161	SRLV	A	A4
AY454162	SRLV	A	A4
AY454163	SRLV	A	A4
AY454164	SRLV	BC	B1
AY454165	SRLV	BC	B1
AY454166	SRLV	BC	B1
AY454167	SRLV	BC	B1
AY454168	SRLV	BC	B1
AY454169	SRLV	BC	B1
AY454170	SRLV	BC	B1
AY454171	SRLV	BC	B1
AY454172	SRLV	A	A4
AY454173	SRLV	A	A4
AY454174	SRLV	BC	B1
AY454175	SRLV	A	-
AY454176	SRLV	A	A3
AY454177	SRLV	BC	B1
AY454178	SRLV	BC	B1
AY454179	SRLV	BC	B1
AY454180	SRLV	BC	B1
AY454181	SRLV	A	A4
AY454182	SRLV	BC	B1
AY454183	SRLV	BC	B1
AY454184	SRLV	BC	B1
AY454185	SRLV	BC	B1
AY454186	SRLV	A	A3
AY454187	SRLV	BC	B1
AY454188	SRLV	A	A4
AY454189	SRLV	A	A3
AY454190	SRLV	A	A4
AY454191	SRLV	A	A3
AY454192	SRLV	BC	B1
AY454193	SRLV	BC	B1
AY454194	SRLV	BC	B1
AY454195	SRLV	BC	B1
AY454196	SRLV	BC	B1
AY454197	SRLV	BC	B1
AY454198	SRLV	BC	B1
AY454199	SRLV	BC	B1
AY454200	SRLV	A	A4
AY454201	SRLV	BC	B1
AY454202	SRLV	BC	B1
AY454203	SRLV	BC	B1
AY454204	SRLV	A	A4
AY454205	SRLV	A	A4
AY454206	SRLV	BC	B1
AY454207	SRLV	BC	B1
AY454208	SRLV	A	A3
AY454209	SRLV	A	A4
AY454210	SRLV	A	A4
AY454211	SRLV	A	A4
AY454212	SRLV	BC	B1
AY454213	SRLV	BC	B1
AY454214	SRLV	BC	B1
AY454215	SRLV	BC	B1
AY454216	SRLV	BC	B1
AY454217	SRLV	BC	B1
AY454218	SRLV	BC	B2
AY454219	SRLV	BC	B2
AY454220	SRLV	BC	B1
AY454221	SRLV	BC	B1
AY454222	SRLV	A	A4
AY454223	SRLV	BC	B1
AY454224	SRLV	BC	B1
AY454225	SRLV	A	A4
AY454226	SRLV	A	A4
AY454227	SRLV	A	A4
AY454228	SRLV	A	A4
AY454229	SRLV	A	A4
AY454230	SRLV	A	A4
AY454231	SRLV	A	-
AY454232	SRLV	A	-
AY454233	SRLV	A	A4
AY454234	SRLV	BC	B1
AY454235	SRLV	BC	B1
AY454236	SRLV	BC	B1
AY454237	SRLV	BC	B1
AY454238	SRLV	BC	B1
AY454239	SRLV	BC	B1
AY454240	SRLV	BC	B1
AY454241	SRLV	BC	B1
AY454242	SRLV	BC	B1
AY454243	SRLV	A	A4
AY454244	SRLV	A	A4
AY454245	SRLV	BC	B1
AY454246	SRLV	A	-
AY454247	SRLV	A	A3
AY454248	SRLV	BC	B1
AY454249	SRLV	BC	B1
AY454250	SRLV	BC	B1
AY454251	SRLV	BC	B1
AY454252	SRLV	BC	B1
AY454253	SRLV	BC	B1
AY454254	SRLV	BC	B1
AY454255	SRLV	A	A3
AY454256	SRLV	BC	B1
AY454257	SRLV	BC	B1
AY454258	SRLV	A	A4
AY454259	SRLV	BC	B1
AY454260	SRLV	BC	B1
AY454261	SRLV	BC	B1
AY454262	SRLV	BC	B1
AY454263	SRLV	BC	B1
AY454264	SRLV	BC	B1
AY454265	SRLV	BC	B1
AY454266	SRLV	BC	B1
AY454267	SRLV	BC	B1
AY454268	SRLV	A	A4
AY454269	SRLV	A	-
AY454270	SRLV	BC	B1
AY454271	SRLV	BC	B1
AY454272	SRLV	BC	B1
AY454273	SRLV	A	A4
AY454274	SRLV	A	A4
AY454275	SRLV	BC	B1
AY454276	SRLV	BC	B1
AY454277	SRLV	A	-
AY454278	SRLV	A	A4
AY454279	SRLV	A	A4
AY454280	SRLV	BC	B1
AY454281	SRLV	BC	B1
AY454282	SRLV	BC	B1
AY454283	SRLV	BC	B2
AY454284	SRLV	BC	B2
AY454285	SRLV	BC	B1
AY454286	SRLV	BC	B1
AY454287	SRLV	A	A4
AY454288	SRLV	BC	B1
AY454289	SRLV	BC	B1
AY454290	SRLV	A	A4
AY454291	SRLV	A	A4
AY454292	SRLV	A	A4
AY454293	SRLV	A	A4
AY454294	SRLV	A	-
AY454295	SRLV	A	-
AY454296	SRLV	A	-
AY530289	SRLV	A	A18
AY530290	SRLV	A	-
AY530291	SRLV	A	-
AY530292	SRLV	A	-
AY530293	SRLV	A	-
AY577031	SRLV	A	A4
AY577032	SRLV	A	A4
AY577033	SRLV	A	A4
AY577034	SRLV	A	A4
AY577035	SRLV	A	A4
AY577036	SRLV	A	A4
AY577037	SRLV	A	A4
AY577038	SRLV	A	A4
AY577039	SRLV	A	A4
DL256636	SRLV	BC	B1
DL256637	SRLV	BC	C
DL256638	SRLV	BC	B1
DL256639	SRLV	BC	C
DL256640	SRLV	BC	B1
DL256641	SRLV	BC	C
DL256642	SRLV	-	-
DL256643	SRLV	BC	C
DL256644	SRLV	BC	B1
DL256645	SRLV	BC	C
DL256646	SRLV	BC	B1
DL256648	SRLV	BC	B1
DL256649	SRLV	BC	C
DL256650	SRLV	BC	B1
DL256651	SRLV	BC	B1
DL256652	SRLV	BC	B1
DL256653	SRLV	BC	B1
DL256654	SRLV	BC	B1
DL256655	SRLV	BC	B1
DL256656	SRLV	BC	B1
DL256657	SRLV	BC	B1
DL256658	SRLV	BC	B1
DL256659	SRLV	BC	B1
DL256660	SRLV	BC	B1
DL256661	SRLV	BC	B1
DL256662	SRLV	BC	B1
DL256663	SRLV	BC	B1
DL256664	SRLV	BC	B1
DL256665	SRLV	BC	B1
DL256666	SRLV	BC	B1
DL256667	SRLV	BC	B1
DL256668	SRLV	BC	B1
DL256669	SRLV	BC	B1
DL256670	SRLV	BC	B1
DL256671	SRLV	BC	B1
DL256672	SRLV	BC	B1
DL256673	SRLV	BC	B1
DL256674	SRLV	BC	B1
DL256675	SRLV	BC	B1
DL256676	SRLV	BC	B1
DL256677	SRLV	BC	B1
DL256678	SRLV	BC	B1
DL256679	SRLV	BC	B1
DL256680	SRLV	BC	B1
DL256681	SRLV	BC	B1
DL256682	SRLV	BC	B1
DL256683	SRLV	BC	B1
DL256684	SRLV	BC	B1
DL256685	SRLV	BC	B1
DL256686	SRLV	BC	B1
DL256687	SRLV	BC	B1
DL256688	SRLV	BC	B1
DL256694	SRLV	BC	B1
DQ013214	SRLV	BC	B1
DQ013215	SRLV	BC	B1
DQ013216	SRLV	BC	B1
DQ013217	SRLV	BC	B1
DQ013218	SRLV	BC	B1
DQ013219	SRLV	BC	B1
DQ013220	SRLV	BC	B1
DQ013221	SRLV	BC	B1
DQ013222	SRLV	BC	B1
DQ013223	SRLV	BC	B1
DQ013224	SRLV	BC	B1
DQ013225	SRLV	BC	B1
DQ013226	SRLV	BC	B1
DQ013227	SRLV	BC	B1
DQ013228	SRLV	BC	B1
DQ013229	SRLV	BC	B1
DQ013230	SRLV	BC	B1
DQ013231	SRLV	BC	B1
DQ013232	SRLV	BC	B1
DQ013233	SRLV	BC	B1
DQ013234	SRLV	BC	B1
DQ013235	SRLV	BC	B1
DQ013236	SRLV	BC	B1
DQ013237	SRLV	BC	B1
DQ013238	SRLV	BC	B1
DQ013239	SRLV	BC	B1
DQ013240	SRLV	BC	B1
DQ013241	SRLV	BC	B1
DQ013242	SRLV	BC	B1
DQ013243	SRLV	BC	B1
DQ015910	SRLV	BC	C
DQ015911	SRLV	BC	C
DQ015912	SRLV	BC	C
DQ015913	SRLV	BC	C
DQ015914	SRLV	BC	C
DQ015915	SRLV	BC	-
DQ015916	SRLV	BC	C
DQ084332	SRLV	A	A1
DQ084333	SRLV	A	A1
DQ084334	SRLV	A	A1
DQ084335	SRLV	A	A4
DQ084336	SRLV	A	A1
DQ084337	SRLV	A	A1
DQ084338	SRLV	A	A4
DQ084339	SRLV	A	A1
DQ084340	SRLV	A	A1
DQ084341	SRLV	A	A1
DQ084342	SRLV	A	A4
DQ084343	SRLV	A	-
DQ084344	SRLV	A	A4
DQ084345	SRLV	BC	B2
DQ084346	SRLV	-	-
DQ084347	SRLV	A	A4
DQ149845	SRLV	BC	B1
DQ190001	SRLV	BC	B1
DQ190002	SRLV	BC	B1
DQ190003	SRLV	BC	B1
DQ190004	SRLV	BC	B1
DQ190005	SRLV	BC	B1
DQ190006	SRLV	BC	B1
DQ190007	SRLV	BC	B1
DQ190008	SRLV	BC	B1
DQ190009	SRLV	BC	B1
DQ190010	SRLV	BC	B1
DQ190011	SRLV	BC	B1
DQ190012	SRLV	BC	B1
DQ190013	SRLV	BC	B1
DQ190014	SRLV	BC	B1
DQ190015	SRLV	BC	B1
DQ190016	SRLV	BC	B1
DQ190017	SRLV	BC	B1
DQ190018	SRLV	BC	B1
DQ190019	SRLV	BC	B1
DQ190020	SRLV	BC	B1
DQ190021	SRLV	BC	B1
DQ190022	SRLV	BC	B1
DQ190023	SRLV	BC	B1
DQ190024	SRLV	BC	B1
DQ190025	SRLV	BC	B1
DQ190026	SRLV	BC	B1
DQ190027	SRLV	BC	B1
DQ190028	SRLV	BC	B1
DQ190029	SRLV	BC	B1
DQ190030	SRLV	BC	B1
DQ190031	SRLV	BC	B1
DQ190032	SRLV	BC	B1
DQ190033	SRLV	BC	B1
DQ190034	SRLV	BC	B1
DQ190035	SRLV	BC	B1
DQ190036	SRLV	BC	B1
DQ190037	SRLV	BC	B1
DQ190038	SRLV	BC	B1
DQ190039	SRLV	BC	B1
DQ190040	SRLV	BC	B1
DQ190041	SRLV	BC	B1
DQ190042	SRLV	BC	B1
DQ190043	SRLV	BC	B1
DQ190044	SRLV	BC	B1
DQ190045	SRLV	BC	B1
DQ190046	SRLV	BC	B1
DQ190047	SRLV	BC	B1
DQ190048	SRLV	BC	B1
DQ190049	SRLV	BC	B1
DQ190050	SRLV	BC	B1
DQ190051	SRLV	BC	B1
DQ190052	SRLV	BC	B1
DQ442649	SRLV	A	A3
DQ447661	SRLV	BC	B1
DQ456481	SRLV	BC	B1
DQ456482	SRLV	BC	B1
DQ456483	SRLV	BC	B1
DQ456484	SRLV	BC	B1
DQ456485	SRLV	BC	B1
DQ456486	SRLV	BC	B1
DQ456487	SRLV	BC	B1
DQ632733	SRLV	A	-
DQ632734	SRLV	A	A4
DQ632735	SRLV	A	A4
DQ844911	SRLV	BC	-
DQ844912	SRLV	BC	-
DQ844913	SRLV	BC	-
DQ844914	SRLV	BC	-
DQ844915	SRLV	BC	-
DQ844916	SRLV	BC	-
DQ844917	SRLV	BC	-
DQ844918	SRLV	BC	-
DQ844919	SRLV	BC	-
DQ844920	SRLV	A	-
DQ844921	SRLV	A	A1
DQ844922	SRLV	A	A1
DQ844923	SRLV	A	A1
DQ844924	SRLV	BC	C
DQ844925	SRLV	A	A1
DQ844926	SRLV	BC	C
DQ844927	SRLV	BC	-
DQ844928	SRLV	BC	-
DQ844929	SRLV	BC	-
DQ844930	SRLV	BC	C
DQ844931	SRLV	BC	C
DQ844932	SRLV	BC	C
DQ844933	SRLV	BC	C
DQ844934	SRLV	BC	C
DQ844935	SRLV	BC	C
DQ844936	SRLV	A	A1
DQ844937	SRLV	A	A1
DQ844938	SRLV	A	A1
DQ844939	SRLV	A	A1
DQ844940	SRLV	A	A1
DQ844941	SRLV	A	A1
EF154467	SRLV	A	A8
EF154468	SRLV	A	A8
EF154469	SRLV	A	A8
EF154470	SRLV	A	A8
EF154471	SRLV	A	A8
EF154472	SRLV	A	1
EF154473	SRLV	A	A8
EF154474	SRLV	BC	B1
EF154475	SRLV	A	A8
EF154476	SRLV	A	A8
EF154477	SRLV	A	A8
EF154478	SRLV	A	A8
EF154479	SRLV	A	A8
EF154480	SRLV	BC	B1
EF154481	SRLV	BC	B1
EF154482	SRLV	BC	B1
EF154483	SRLV	A	A8
EF154484	SRLV	A	A8
EF154485	SRLV	BC	B1
EF154486	SRLV	A	A8
EF154487	SRLV	BC	B1
EF154488	SRLV	A	A8
EF154489	SRLV	BC	B1
EF154490	SRLV	BC	B1
EF154491	SRLV	BC	B1
EF154492	SRLV	BC	B1
EF154493	SRLV	A	A8
EF154494	SRLV	A	-
EF154495	SRLV	BC	B1
EF154496	SRLV	A	A8
EF154497	SRLV	BC	B1
EF154498	SRLV	BC	B1
EF154499	SRLV	BC	B1
EF154500	SRLV	BC	B1
EF154501	SRLV	BC	B1
EF154502	SRLV	BC	B1
EF154503	SRLV	BC	B1
EF154504	SRLV	BC	B1
EF154505	SRLV	A	A8
EF154506	SRLV	A	A8
EF154507	SRLV	BC	B1
EF154508	SRLV	A	A8
EF154509	SRLV	A	A8
EF154510	SRLV	A	A8
EF154511	SRLV	A	A8
EF445431	SRLV	A	A1
EF675997	SRLV	BC	B1
EF676000	SRLV	BC	B2
EF676002	SRLV	BC	B1
EF676003	SRLV	E	E1
EF676004	SRLV	E	E1
EF676005	SRLV	E	E1
EF676006	SRLV	A	A8
EF676007	SRLV	BC	B1
EF676008	SRLV	BC	B1
EF676009	SRLV	BC	B1
EF676010	SRLV	BC	B1
EF676013	SRLV	BC	1
EF676014	SRLV	E	E1
EF676015	SRLV	BC	B1
EF676016	SRLV	A	A18
EF676017	SRLV	A	A18
EF676018	SRLV	A	A18
EF676019	SRLV	A	A18
EF676020	SRLV	A	A18
EF676021	SRLV	E	E1
EF676022	SRLV	E	E1
EF676023	SRLV	E	E1
EF676024	SRLV	E	E1
EF676025	SRLV	E	E1
EF676026	SRLV	BC	B1
EF685709	SRLV	BC	B1
EF685710	SRLV	BC	B1
EF685711	SRLV	BC	B1
EF685712	SRLV	BC	B1
EF685713	SRLV	BC	B1
EF685714	SRLV	BC	B1
EF685715	SRLV	BC	B1
EF685716	SRLV	BC	B1
EF685717	SRLV	BC	B1
EF685718	SRLV	BC	B1
EF685719	SRLV	BC	B1
EF685720	SRLV	BC	B1
EF685721	SRLV	BC	B1
EF685722	SRLV	BC	B1
EF685723	SRLV	BC	B1
EF685724	SRLV	BC	B1
EF685725	SRLV	BC	B1
EF685726	SRLV	A	A8
EF685727	SRLV	A	A8
EF685728	SRLV	A	A8
EF685729	SRLV	A	A8
EF685730	SRLV	A	A8
EF685731	SRLV	A	A8
EF685732	SRLV	A	A8
EF685733	SRLV	A	A8
EF685734	SRLV	A	A8
EF685735	SRLV	A	A8
EF685736	SRLV	A	A8
EF685737	SRLV	A	A8
EF685738	SRLV	A	A8
EF685739	SRLV	A	A8
EF685740	SRLV	A	A8
EF685741	SRLV	A	A8
EF685742	SRLV	A	A8
EF685743	SRLV	A	A8
EF685744	SRLV	A	A8
EF685745	SRLV	A	A8
EF685746	SRLV	BC	B1
EF685747	SRLV	BC	B1
EF685748	SRLV	BC	B1
EF685749	SRLV	BC	B1
EF685750	SRLV	BC	B1
EF685751	SRLV	BC	B1
EF685752	SRLV	BC	B1
EF685753	SRLV	BC	B1
EF685754	SRLV	BC	B1
EF685755	SRLV	BC	B1
EF685756	SRLV	BC	B1
EF685757	SRLV	BC	B1
EF685758	SRLV	BC	B1
EF685759	SRLV	BC	B1
EF685760	SRLV	BC	B1
EF685761	SRLV	BC	B1
EF685762	SRLV	BC	B1
EF685763	SRLV	BC	B1
EF685764	SRLV	BC	B1
EF685765	SRLV	BC	B1
EF685766	SRLV	BC	B1
EF685767	SRLV	BC	B1
EF685768	SRLV	BC	B1
EF685769	SRLV	BC	B1
EF685770	SRLV	BC	B1
EF685771	SRLV	BC	B1
EF685772	SRLV	BC	B1
EF685773	SRLV	BC	B1
EF685774	SRLV	BC	B1
EF685775	SRLV	BC	B1
EF685776	SRLV	BC	B1
EF685777	SRLV	BC	B1
EF685778	SRLV	BC	B1
EF685779	SRLV	BC	B1
EF685780	SRLV	BC	B1
EF685781	SRLV	BC	B1
EF685782	SRLV	BC	B1
EF685783	SRLV	BC	B1
EF685784	SRLV	BC	B1
EF685785	SRLV	BC	B1
EF685786	SRLV	BC	B1
EF685787	SRLV	BC	B1
EF685788	SRLV	BC	B1
EF685789	SRLV	BC	B1
EF685790	SRLV	BC	B1
EF685791	SRLV	BC	B1
EF685792	SRLV	BC	B1
EF685793	SRLV	BC	B1
EF685794	SRLV	BC	B1
EF685795	SRLV	BC	B1
EF685796	SRLV	BC	B1
EF685797	SRLV	BC	B1
EF685798	SRLV	BC	B1
EF685799	SRLV	BC	B1
EF685800	SRLV	BC	B1
EF685801	SRLV	BC	B1
EF685802	SRLV	BC	B1
EF685803	SRLV	BC	B1
EF685804	SRLV	BC	B1
EF685805	SRLV	BC	B1
EF685806	SRLV	BC	B1
EF685807	SRLV	BC	B1
EF685808	SRLV	BC	B1
EF685809	SRLV	BC	B1
EF685810	SRLV	BC	B1
EF685811	SRLV	BC	B1
EF685812	SRLV	BC	B1
EF685813	SRLV	BC	B1
EF685814	SRLV	BC	B1
EF685815	SRLV	BC	B1
EF685816	SRLV	BC	B1
EF685817	SRLV	BC	B1
EF685818	SRLV	BC	B1
EF685819	SRLV	BC	B1
EF685820	SRLV	BC	B1
EF685821	SRLV	BC	B1
EF685822	SRLV	BC	B1
EF685823	SRLV	BC	B1
EF685824	SRLV	BC	B1
EF685825	SRLV	BC	B1
EF685826	SRLV	BC	B1
EF685827	SRLV	BC	B1
EF685828	SRLV	BC	B1
EF685829	SRLV	BC	B1
EF685830	SRLV	BC	B1
EF685831	SRLV	BC	B1
EF685832	SRLV	BC	B1
EF685833	SRLV	BC	B1
EF685834	SRLV	BC	B1
EF685835	SRLV	BC	B1
EF685836	SRLV	BC	B1
EF685837	SRLV	BC	B1
EF685838	SRLV	BC	B1
EF685839	SRLV	BC	B1
EF685840	SRLV	BC	B1
EF685841	SRLV	BC	B1
EF685842	SRLV	BC	B1
EF685843	SRLV	BC	B1
EF685844	SRLV	BC	B1
EF685845	SRLV	BC	B1
EF685846	SRLV	BC	B1
EF685847	SRLV	BC	B1
EF685848	SRLV	A	A8
EF685849	SRLV	A	A8
EF685850	SRLV	A	A8
EF685851	SRLV	A	A8
EF685852	SRLV	A	A8
EF685853	SRLV	A	A8
EF685854	SRLV	A	A8
EF685855	SRLV	A	A8
EF685856	SRLV	A	A8
EF685857	SRLV	A	A8
EF685858	SRLV	A	A8
EF685859	SRLV	A	A8
EF685860	SRLV	A	A8
EF685861	SRLV	A	A8
EF685862	SRLV	A	A8
EF685863	SRLV	A	A8
EF685864	SRLV	A	A8
EF685865	SRLV	A	A8
EF685866	SRLV	A	A8
EF685867	SRLV	A	A8
EF685868	SRLV	A	A8
EF685869	SRLV	BC	B1
EF685870	SRLV	BC	B1
EF685871	SRLV	BC	B1
EF685872	SRLV	BC	B1
EF685873	SRLV	A	A8
EF685874	SRLV	BC	B1
EF685875	SRLV	A	A8
EF685876	SRLV	BC	B1
EF685877	SRLV	BC	B1
EF685878	SRLV	BC	B1
EF685879	SRLV	BC	B1
EF685880	SRLV	BC	B1
EF685881	SRLV	BC	B1
EF685882	SRLV	BC	B1
EF685883	SRLV	BC	B1
EF685884	SRLV	BC	B1
EF685885	SRLV	BC	B1
EF685886	SRLV	A	A8
EF685887	SRLV	BC	B1
EF685888	SRLV	BC	B1
EF685889	SRLV	BC	B1
EF685890	SRLV	BC	B1
EF685891	SRLV	BC	B1
EF685892	SRLV	BC	B1
EF685893	SRLV	BC	B1
EF685894	SRLV	BC	B1
EF685895	SRLV	BC	B1
EF685896	SRLV	BC	B1
EF685897	SRLV	BC	B1
EF685898	SRLV	BC	B1
EF685899	SRLV	BC	B1
EF685900	SRLV	BC	B1
EF685901	SRLV	BC	B1
EF685902	SRLV	BC	B1
EU010120	SRLV	BC	B1
EU010121	SRLV	BC	B1
EU010122	SRLV	BC	B1
EU010123	SRLV	A	-
EU010124	SRLV	E	E1
EU010125	SRLV	A	A8
EU010126	SRLV	BC	B2
EU202722	SRLV	BC	B1
EU202723	SRLV	BC	B1
EU202724	SRLV	BC	B1
EU202725	SRLV	BC	B1
EU202726	SRLV	BC	B1
EU202727	SRLV	BC	B1
EU202728	SRLV	BC	B1
EU202729	SRLV	BC	B1
EU262573	SRLV	BC	B1
EU262574	SRLV	BC	B1
EU375926	SRLV	BC	B1
EU375927	SRLV	BC	B1
EU375928	SRLV	BC	B1
EU375929	SRLV	BC	B1
EU375930	SRLV	BC	B1
EU375931	SRLV	BC	B1
EU375932	SRLV	BC	B1
EU375933	SRLV	BC	B1
EU375934	SRLV	BC	B1
EU375935	SRLV	BC	B1
EU375936	SRLV	BC	B1
EU375937	SRLV	BC	B1
EU375938	SRLV	BC	B1
EU375939	SRLV	BC	B1
EU375940	SRLV	BC	B1
EU375941	SRLV	BC	B1
EU375942	SRLV	BC	B1
EU375943	SRLV	BC	B1
EU375944	SRLV	BC	B1
EU375945	SRLV	BC	B1
EU375946	SRLV	BC	B1
EU375947	SRLV	BC	B1
EU375948	SRLV	BC	B1
EU375949	SRLV	BC	B1
EU375950	SRLV	BC	B1
EU375951	SRLV	BC	B1
EU375952	SRLV	BC	B1
EU375953	SRLV	BC	B1
EU375954	SRLV	BC	B1
EU375955	SRLV	BC	B1
EU375956	SRLV	BC	B1
EU375957	SRLV	BC	B1
EU375958	SRLV	BC	B1
EU375959	SRLV	BC	B1
EU375960	SRLV	BC	B1
EU375961	SRLV	BC	B1
EU375962	SRLV	BC	B1
EU375963	SRLV	BC	B1
EU375964	SRLV	BC	B1
EU375965	SRLV	BC	B1
EU375966	SRLV	BC	B1
EU375967	SRLV	BC	B1
EU526865	SRLV	BC	B1
EU702487	SRLV	A	-
EU709743	SRLV	BC	B2
EU709744	SRLV	BC	B2
EU726488	SRLV	BC	B1
EU726489	SRLV	BC	B1
EU726490	SRLV	E	E1
EU726491	SRLV	BC	B1
EU726492	SRLV	E	E1
EU726493	SRLV	E	E1
EU726494	SRLV	E	E1
EU726495	SRLV	BC	B1
EU726496	SRLV	BC	B1
EU726497	SRLV	E	E1
EU726498	SRLV	BC	B1
EU726499	SRLV	E	E1
EU726500	SRLV	BC	B1
EU726501	SRLV	BC	B1
EU726502	SRLV	E	E1
EU726503	SRLV	E	E1
EU726504	SRLV	E	E1
EU726505	SRLV	E	E1
EU726506	SRLV	E	E1
EU726507	SRLV	BC	B1
EU726508	SRLV	BC	B1
EU726509	SRLV	A	A8
EU726510	SRLV	E	E1
EU726511	SRLV	BC	B1
EU726512	SRLV	E	E1
EU726513	SRLV	BC	B1
EU726514	SRLV	BC	B1
EU726515	SRLV	E	E1
EU726516	SRLV	BC	B1
EU726517	SRLV	BC	B1
EU726518	SRLV	E	E1
EU726519	SRLV	BC	B1
EU726520	SRLV	E	E1
EU726521	SRLV	BC	B1
EU726522	SRLV	BC	B1
EU726523	SRLV	A	A8
EU726524	SRLV	E	E1
EU726525	SRLV	E	E1
EU818762	SRLV	BC	C
EU818763	SRLV	BC	C
EU818764	SRLV	BC	-
EU818765	SRLV	BC	C
EU818766	SRLV	BC	C
EU818767	SRLV	BC	-
EU818768	SRLV	BC	C
EU818769	SRLV	BC	C
EU818770	SRLV	BC	C
EU818771	SRLV	BC	C
EU818772	SRLV	A	A1
EU818773	SRLV	A	A1
EU818774	SRLV	BC	-
EU818775	SRLV	BC	-
EU818776	SRLV	BC	-
EU818777	SRLV	BC	C
EU818778	SRLV	BC	C
EU818779	SRLV	BC	C
EU818780	SRLV	BC	C
EU818781	SRLV	BC	C
EU919141	SRLV	BC	B1
EU983108	SRLV	BC	B1
EU983109	SRLV	BC	B1
FJ167525	SRLV	BC	B1
FJ187802	SRLV	BC	B2
FJ187803	SRLV	BC	B2
FJ187804	SRLV	BC	B2
FJ187805	SRLV	BC	B2
FJ187806	SRLV	BC	B2
FJ187807	SRLV	BC	B2
FJ187808	SRLV	BC	B2
FJ187809	SRLV	BC	B2
FJ187810	SRLV	BC	B2
FJ187811	SRLV	BC	B2
FJ187812	SRLV	BC	B2
FJ389754	SRLV	E	E1
FJ623110	SRLV	BC	B1
FJ623111	SRLV	A	A3
FJ623112	SRLV	BC	B2
FJ623113	SRLV	BC	B2
FJ623114	SRLV	A	A3
FJ623115	SRLV	A	A1
FJ623116	SRLV	A	A3
FJ623117	SRLV	A	A1
FJ623118	SRLV	A	A1
FJ623119	SRLV	A	A3
FJ623120	SRLV	A	A3
FJ623121	SRLV	BC	B2
FJ623122	SRLV	A	A3
FJ623123	SRLV	A	A3
FJ623124	SRLV	A	A1
FJ623125	SRLV	BC	B1
FR687200	SRLV	BC	B2
FR693808	SRLV	A	-
FR693809	SRLV	A	-
FR693810	SRLV	A	-
FR693811	SRLV	A	-
FR693812	SRLV	A	-
FR693813	SRLV	A	-
FR693814	SRLV	A	-
FR693815	SRLV	A	-
FR693816	SRLV	A	-
FR693817	SRLV	A	-
FR693818	SRLV	A	-
FR693819	SRLV	A	-
FR693820	SRLV	A	-
FR693821	SRLV	A	-
FR693822	SRLV	A	-
FR693823	SRLV	A	-
FR693824	SRLV	A	-
FR693825	SRLV	A	-
FR693826	SRLV	A	-
FR693827	SRLV	A	-
FR693828	SRLV	A	-
FR693829	SRLV	A	-
FR693830	SRLV	A	-
FR693831	SRLV	A	-
FR693832	SRLV	A	-
FR694686	SRLV	BC	-
FR694687	SRLV	BC	-
FR694688	SRLV	BC	-
FR694689	SRLV	BC	B3
FR694690	SRLV	BC	B3
FR694691	SRLV	BC	B3
FR694692	SRLV	A	-
FR694693	SRLV	A	-
FR694694	SRLV	A	-
FR694695	SRLV	A	-
FR694696	SRLV	A	A18
FR694908	SRLV	A	A18
FR694909	SRLV	A	A18
FR694910	SRLV	A	A18
FR694911	SRLV	E	E2
FR694912	SRLV	E	E2
FR694913	SRLV	E	E2
FR694914	SRLV	A	A18
FR694915	SRLV	BC	B1
FR694916	SRLV	BC	B1
FR694917	SRLV	BC	B1
FR694918	SRLV	BC	B1
FR694919	SRLV	BC	B1
FR694920	SRLV	E	E2
FR694921	SRLV	E	E2
FR695064	SRLV	A	-
FR695719	SRLV	BC	B2
FR828809	SRLV	A	-
FR828810	SRLV	BC	B3
FR828811	SRLV	BC	B3
FR828812	SRLV	BC	-
FR828813	SRLV	BC	B3
FR828814	SRLV	BC	B2
FR828815	SRLV	BC	-
FR828816	SRLV	BC	-
GQ161209	SRLV	BC	B1
GQ161210	SRLV	BC	B1
GQ161211	SRLV	BC	B1
GQ161212	SRLV	BC	B1
GQ161213	SRLV	BC	B1
GQ161214	SRLV	BC	B1
GQ161215	SRLV	BC	B1
GQ255385	SRLV	A	A3
GQ255386	SRLV	A	A3
GQ255391	SRLV	A	A3
GQ255401	SRLV	A	A3
GQ255403	SRLV	A	A3
GQ255411	SRLV	A	A3
GQ255417	SRLV	A	A3
GQ255423	SRLV	A	A3
GQ255428	SRLV	A	A3
GQ255433	SRLV	A	A3
GQ428519	SRLV	E	-
GQ428520	SRLV	E	E2
GQ428521	SRLV	E	E1
GQ428522	SRLV	E	E2
GQ428523	SRLV	E	E1
GQ428524	SRLV	E	-
GQ428525	SRLV	E	E1
GQ428526	SRLV	E	-
GQ428527	SRLV	E	E2
GQ428528	SRLV	E	-
GQ428529	SRLV	E	E1
GQ428530	SRLV	E	E1
GQ428531	SRLV	E	E1
GQ428532	SRLV	E	E1
GQ428533	SRLV	E	E2
GQ428534	SRLV	E	E2
GQ428535	SRLV	E	E2
GQ428536	SRLV	E	E2
GQ862797	SRLV	-	-
GQ996380	SRLV	BC	B1
GU903321	SRLV	BC	B1
HM212792	SRLV	BC	B1
HM212793	SRLV	BC	B1
HM237197	SRLV	BC	B1
HM449450	SRLV	BC	B1
HM449451	SRLV	BC	B1
HM449452	SRLV	BC	B1
HM449453	SRLV	BC	B1
HM449454	SRLV	BC	B1
HM449455	SRLV	BC	B1
HM449456	SRLV	BC	B1
HM449457	SRLV	BC	B1
HM449458	SRLV	BC	B1
HM449459	SRLV	BC	B1
HM449460	SRLV	BC	B1
HM449461	SRLV	A	A8
HM449462	SRLV	A	A8
HM449463	SRLV	A	A8
HM449464	SRLV	A	A8
HM449465	SRLV	A	A8
HM449466	SRLV	A	A8
HM449467	SRLV	A	A8
HM449468	SRLV	A	A8
HM449469	SRLV	A	A8
HM449470	SRLV	A	A8
HM449471	SRLV	A	A8
HM449472	SRLV	A	A8
HM449473	SRLV	A	A8
HM449474	SRLV	A	A8
HM449475	SRLV	A	A8
HM449476	SRLV	A	A8
HM449477	SRLV	A	A8
HM449478	SRLV	A	A8
HM449479	SRLV	A	A8
HM449480	SRLV	A	A8
HM449481	SRLV	A	A8
HM449482	SRLV	A	A8
HM449483	SRLV	A	A8
HM449484	SRLV	A	A8
HM449485	SRLV	A	A8
HM449486	SRLV	A	A8
HM449487	SRLV	A	A8
HM449488	SRLV	A	A8
HM449489	SRLV	A	A8
HM449490	SRLV	A	A8
HM449491	SRLV	A	A8
HM449492	SRLV	A	A8
HM449493	SRLV	A	A8
HM449494	SRLV	A	A8
HM449495	SRLV	A	A8
HM449496	SRLV	A	A8
HM449497	SRLV	A	A8
HM449498	SRLV	A	A8
HM449499	SRLV	A	A8
HM449500	SRLV	A	A8
HM449501	SRLV	A	A8
HM449502	SRLV	A	A8
HM449503	SRLV	A	A8
HM449504	SRLV	A	A8
HM449505	SRLV	A	-
HM449506	SRLV	A	-
HM449507	SRLV	A	A1
HM449508	SRLV	A	-
HM449509	SRLV	A	-
HM449510	SRLV	A	A1
HM449511	SRLV	A	-
HM449512	SRLV	A	-
HM449513	SRLV	A	-
HM449514	SRLV	A	-
HM449515	SRLV	A	A1
HM449516	SRLV	A	-
HM449517	SRLV	A	A1
HM449518	SRLV	A	-
HM449519	SRLV	A	-
HM449520	SRLV	A	-
HM449521	SRLV	A	A1
HM449522	SRLV	A	A1
HM449523	SRLV	A	-
HM449524	SRLV	A	-
HM449525	SRLV	A	-
HM449526	SRLV	A	-
HM449527	SRLV	A	-
HM449528	SRLV	A	-
HM449529	SRLV	A	-
HM449530	SRLV	A	A1
HM449531	SRLV	A	-
HM449532	SRLV	BC	B1
HM449533	SRLV	BC	B1
HM449534	SRLV	BC	B1
HM449535	SRLV	BC	B1
HM449536	SRLV	BC	B1
HM449537	SRLV	BC	B1
HM449538	SRLV	BC	B1
HM449539	SRLV	BC	B1
HM449540	SRLV	A	A8
HM449541	SRLV	A	A8
HM449542	SRLV	BC	B1
HM449543	SRLV	BC	B1
HM449544	SRLV	BC	B1
HM449545	SRLV	BC	B1
HM449546	SRLV	BC	B1
HM449547	SRLV	BC	B1
HM449548	SRLV	BC	B1
HM449549	SRLV	BC	B1
HM449550	SRLV	BC	B1
HM449551	SRLV	BC	B1
HM449552	SRLV	BC	B1
HM449553	SRLV	BC	B1
HM449554	SRLV	BC	B1
HM449555	SRLV	BC	B1
HM449556	SRLV	BC	B1
HM449557	SRLV	BC	B1
HM449558	SRLV	BC	B1
HM449559	SRLV	BC	B1
HM449560	SRLV	A	A8
HM449561	SRLV	A	A8
HM449562	SRLV	A	A8
HM449563	SRLV	A	A8
HM449564	SRLV	A	A8
HM449565	SRLV	A	A8
HM449566	SRLV	A	A8
HM449567	SRLV	A	A8
HM449568	SRLV	A	A8
HM449569	SRLV	A	A8
HM449570	SRLV	A	A8
HM449571	SRLV	A	A8
HM449572	SRLV	A	A8
HM449573	SRLV	A	A8
HM449574	SRLV	A	A8
HM449575	SRLV	A	A8
HM449576	SRLV	A	A8
HM449577	SRLV	A	A8
HM449578	SRLV	A	A8
HM449579	SRLV	A	A8
HM449580	SRLV	A	A8
HM449581	SRLV	A	A8
HM449582	SRLV	A	A8
HM449583	SRLV	A	A8
HM449584	SRLV	A	A8
HM449585	SRLV	A	A8
HM449586	SRLV	A	A8
HM449587	SRLV	A	A8
HM449588	SRLV	A	A8
HM449589	SRLV	A	A8
HM449590	SRLV	A	A8
HM449591	SRLV	A	A8
HM449592	SRLV	A	A8
HM449593	SRLV	A	A8
HM449594	SRLV	BC	B1
HM449595	SRLV	BC	B1
HM449596	SRLV	BC	B1
HM449597	SRLV	BC	B1
HM449598	SRLV	BC	B1
HM449599	SRLV	BC	B1
HM449600	SRLV	BC	B1
HM449601	SRLV	BC	B1
HM449602	SRLV	BC	B1
HM449603	SRLV	BC	B1
HM449604	SRLV	BC	B1
HM449605	SRLV	BC	B1
HM449606	SRLV	BC	B1
HM449607	SRLV	BC	B1
HM449608	SRLV	A	A8
HM449609	SRLV	A	A8
HM449610	SRLV	A	A8
HM449611	SRLV	A	A8
HM449612	SRLV	A	A8
HM449613	SRLV	A	A8
HM449614	SRLV	A	A8
HM449615	SRLV	A	A8
HM449616	SRLV	A	A8
HM449617	SRLV	A	A8
HM449618	SRLV	A	A8
HM449619	SRLV	A	A8
HM449620	SRLV	A	A8
HM449621	SRLV	A	A8
HM449622	SRLV	A	A8
HM449623	SRLV	A	A8
HM449624	SRLV	A	A8
HM449625	SRLV	A	A8
HM449626	SRLV	A	A8
HM449627	SRLV	A	A8
HM449628	SRLV	A	A8
HM449629	SRLV	A	A8
HM449630	SRLV	BC	B1
HM449631	SRLV	BC	B1
HM449632	SRLV	BC	B1
HM449633	SRLV	A	A8
HM449634	SRLV	BC	B1
HM449635	SRLV	BC	B1
HM449636	SRLV	A	A8
HM449637	SRLV	BC	B1
HM449638	SRLV	BC	B1
HM449639	SRLV	BC	B1
HM449640	SRLV	A	A8
HM449641	SRLV	BC	B1
HM449642	SRLV	A	A8
HM449643	SRLV	BC	B1
HM449644	SRLV	BC	B1
HM449645	SRLV	BC	B1
HM449646	SRLV	BC	B1
HM449647	SRLV	BC	B1
HM449648	SRLV	BC	B1
HM449649	SRLV	BC	B1
HM449650	SRLV	A	A8
HM449651	SRLV	A	A8
HM449652	SRLV	A	A8
HM449653	SRLV	A	A8
HM449654	SRLV	A	A8
HM449655	SRLV	A	A8
HM449656	SRLV	A	A8
HM449657	SRLV	A	A8
HM449658	SRLV	A	A8
HM449659	SRLV	A	A8
HM449660	SRLV	A	A8
HM449661	SRLV	A	A8
HM449662	SRLV	A	A8
HM449663	SRLV	A	A8
HM449664	SRLV	A	A8
HM449665	SRLV	A	A8
HM449666	SRLV	A	A8
HM449667	SRLV	A	A8
HM449668	SRLV	A	A8
HM449669	SRLV	A	A8
HM449670	SRLV	A	A8
HM449671	SRLV	A	A8
HM449672	SRLV	A	A8
HM449673	SRLV	A	A8
HM449674	SRLV	BC	B1
HM449675	SRLV	BC	B1
HM449676	SRLV	A	A8
HM449677	SRLV	BC	B1
HM449678	SRLV	BC	B1
HM449679	SRLV	BC	B1
HM449680	SRLV	BC	B1
HM449681	SRLV	BC	B1
HM449682	SRLV	A	A8
HM449683	SRLV	BC	B1
HM534737	SRLV	BC	B1
HM534738	SRLV	BC	B1
HM534739	SRLV	BC	B1
HM534740	SRLV	BC	B1
HM534741	SRLV	BC	B1
HQ158122	SRLV	BC	B1
HQ158123	SRLV	BC	B1
HQ158124	SRLV	BC	B1
HQ158125	SRLV	BC	B1
HQ158126	SRLV	BC	B1
HQ158127	SRLV	BC	B1
HQ158128	SRLV	BC	B1
HQ158129	SRLV	BC	B1
HQ158130	SRLV	BC	B1
HQ158131	SRLV	BC	B1
HQ158132	SRLV	A	A3
HQ158133	SRLV	A	A3
HQ158134	SRLV	A	A3
HQ158135	SRLV	A	A3
HQ158136	SRLV	A	A3
HQ696620	SRLV	BC	B1
HQ696624	SRLV	BC	B1
HQ864599	SRLV	A	A4
HQ864600	SRLV	A	A4
HQ864601	SRLV	A	A4
HQ864602	SRLV	A	A1
HQ864603	SRLV	A	A4
HQ864604	SRLV	A	A4
HQ864605	SRLV	A	A4
HQ864606	SRLV	A	A4
HQ864607	SRLV	A	A4
HQ864608	SRLV	A	A4
HQ910460	SRLV	A	A1
HQ910461	SRLV	A	A1
HQ910462	SRLV	A	A1
HQ910463	SRLV	A	A1
HQ910464	SRLV	A	A1
HQ910465	SRLV	A	A1
HQ910466	SRLV	A	-
HQ910467	SRLV	A	-
HQ910468	SRLV	A	-
HQ910469	SRLV	A	-
HQ910470	SRLV	A	-
HQ910471	SRLV	A	-
HQ910472	SRLV	BC	B1
HQ910473	SRLV	BC	B1
HQ910474	SRLV	BC	B1
HQ910475	SRLV	BC	B1
HQ910476	SRLV	BC	B1
HQ910477	SRLV	BC	B1
HQ910478	SRLV	BC	B1
HQ910479	SRLV	BC	B1
HQ910480	SRLV	BC	B1
HQ910481	SRLV	BC	B1
HQ910482	SRLV	BC	B1
HQ910483	SRLV	BC	B1
HQ910484	SRLV	BC	B1
HQ910485	SRLV	BC	B1
HQ910486	SRLV	BC	B1
HQ910487	SRLV	BC	B1
HQ910488	SRLV	BC	B1
HQ910489	SRLV	BC	B1
HQ910490	SRLV	BC	B1
HQ910491	SRLV	BC	B1
HQ910492	SRLV	BC	B1
HQ910493	SRLV	BC	B1
J04359	SRLV	A	A1
JF288187	SRLV	A	A4
JF288188	SRLV	A	A4
JF288189	SRLV	A	A4
JF288190	SRLV	A	A4
JF288191	SRLV	A	A4
JF288192	SRLV	A	A4
JF288193	SRLV	A	A4
JF288194	SRLV	A	A4
JF288195	SRLV	A	A4
JF288196	SRLV	A	A4
JF288197	SRLV	A	A4
JF288198	SRLV	A	A4
JF288199	SRLV	A	A4
JF288200	SRLV	A	A4
JF288201	SRLV	A	A4
JF288202	SRLV	A	A4
JF288203	SRLV	A	A4
JF288204	SRLV	A	A4
JF288205	SRLV	A	A4
JF288206	SRLV	A	A4
JF288207	SRLV	A	A4
JF288208	SRLV	A	A4
JF288209	SRLV	A	A4
JF288210	SRLV	A	A4
JF288211	SRLV	A	A4
JF288212	SRLV	A	A4
JF288213	SRLV	A	A4
JF288214	SRLV	A	A4
JF288215	SRLV	A	A4
JF288216	SRLV	A	A4
JF288217	SRLV	A	A4
JF288218	SRLV	A	A4
JF288219	SRLV	A	A4
JF288220	SRLV	A	A4
JF288221	SRLV	A	A4
JF288222	SRLV	A	A4
JF288223	SRLV	A	A4
JF288224	SRLV	A	A4
JF288225	SRLV	A	A4
JF288226	SRLV	A	A4
JF288227	SRLV	A	A4
JF288228	SRLV	A	A4
JF288229	SRLV	A	A4
JF288230	SRLV	A	A4
JF288231	SRLV	A	A4
JF288232	SRLV	A	A4
JF288233	SRLV	A	A4
JF288234	SRLV	A	A4
JF288235	SRLV	A	A4
JF288236	SRLV	A	A4
JF288237	SRLV	A	A4
JF288238	SRLV	A	A4
JF288239	SRLV	A	A4
JF288240	SRLV	A	A4
JF288241	SRLV	A	A4
JF288242	SRLV	A	A4
JF288243	SRLV	A	A4
JF288244	SRLV	A	A4
JF288245	SRLV	A	A4
JF288246	SRLV	A	A4
JF288247	SRLV	A	A4
JF288248	SRLV	A	A4
JF288249	SRLV	A	A4
JF288250	SRLV	A	A4
JF288251	SRLV	A	A4
JF288252	SRLV	A	A4
JF288253	SRLV	A	A4
JF288254	SRLV	A	A4
JF288255	SRLV	A	A4
JF288256	SRLV	A	A4
JF288257	SRLV	A	A4
JF288258	SRLV	A	A4
JF288259	SRLV	A	A4
JF288260	SRLV	A	A4
JF288261	SRLV	A	A4
JF288262	SRLV	A	A4
JF288263	SRLV	A	A4
JF288264	SRLV	A	A4
JF288265	SRLV	A	A4
JF288266	SRLV	A	A4
JF288267	SRLV	A	A4
JF288268	SRLV	A	A4
JF288269	SRLV	A	A4
JF288270	SRLV	A	A4
JF288271	SRLV	A	A4
JF288272	SRLV	A	A4
JF288273	SRLV	A	A4
JF288274	SRLV	A	A4
JF288275	SRLV	A	A4
JF288276	SRLV	A	A4
JF288277	SRLV	A	A4
JF288278	SRLV	A	-
JF288279	SRLV	A	-
JF288280	SRLV	A	A4
JF288281	SRLV	A	A4
JF288282	SRLV	A	-
JF288283	SRLV	A	-
JF288284	SRLV	A	-
JF288285	SRLV	A	A4
JF288286	SRLV	A	A4
JF288287	SRLV	A	A4
JF288288	SRLV	A	A4
JF288289	SRLV	A	A4
JF288290	SRLV	A	A4
JF288291	SRLV	A	A4
JF288292	SRLV	A	A4
JF288293	SRLV	A	A4
JF288294	SRLV	A	A4
JF288295	SRLV	A	A4
JF288296	SRLV	A	-
JF288297	SRLV	A	A4
JF288298	SRLV	A	A4
JF288299	SRLV	A	A4
JF288300	SRLV	A	A4
JF288301	SRLV	A	A4
JF288302	SRLV	A	A4
JF288303	SRLV	A	A4
JF288304	SRLV	A	A4
JF288305	SRLV	A	A4
JF288306	SRLV	A	A4
JF288307	SRLV	A	A4
JF288308	SRLV	A	A4
JF288309	SRLV	A	A4
JF288310	SRLV	A	A4
JF288311	SRLV	A	A4
JF288312	SRLV	A	A4
JF288313	SRLV	A	A4
JF288314	SRLV	A	A4
JF288315	SRLV	A	A4
JF288316	SRLV	A	-
JF288317	SRLV	A	-
JF288318	SRLV	A	-
JF288319	SRLV	A	-
JF288320	SRLV	A	-
JF288321	SRLV	A	-
JF288322	SRLV	A	-
JF288323	SRLV	A	-
JF288324	SRLV	A	-
JF288325	SRLV	A	-
JF288326	SRLV	A	-
JF288327	SRLV	A	-
JF288328	SRLV	A	-
JF288329	SRLV	A	-
JF288330	SRLV	A	A4
JF288331	SRLV	A	A4
JF288332	SRLV	A	A4
JF288333	SRLV	A	A4
JF288334	SRLV	A	A4
JF288335	SRLV	A	A4
JF288336	SRLV	A	A4
JF288337	SRLV	A	-
JF288338	SRLV	A	-
JF288339	SRLV	A	-
JF288340	SRLV	A	-
JF288341	SRLV	A	-
JF288342	SRLV	A	-
JF288343	SRLV	A	-
JF288344	SRLV	A	-
JF288345	SRLV	A	-
JF288346	SRLV	A	A4
JF288347	SRLV	A	A4
JF288348	SRLV	A	A4
JF288349	SRLV	A	A4
JF288350	SRLV	A	A4
JF288351	SRLV	A	A4
JF288352	SRLV	A	A4
JF288353	SRLV	A	A4
JF288354	SRLV	A	A4
JF288355	SRLV	A	-
JF288356	SRLV	A	-
JF288357	SRLV	A	A4
JF288358	SRLV	A	-
JF288359	SRLV	A	-
JF288360	SRLV	A	A4
JF288361	SRLV	A	A4
JF288362	SRLV	A	A4
JF288363	SRLV	A	A4
JF288364	SRLV	A	A4
JF288365	SRLV	A	A4
JF288366	SRLV	A	A4
JF288367	SRLV	A	A4
JF288368	SRLV	A	A4
JF288369	SRLV	A	A4
JF288370	SRLV	A	A4
JF288371	SRLV	A	A4
JF288372	SRLV	A	-
JF288373	SRLV	A	-
JF288374	SRLV	A	A4
JF288375	SRLV	A	A4
JF288376	SRLV	A	A4
JF288377	SRLV	A	-
JF288378	SRLV	A	-
JF288379	SRLV	A	-
JF288380	SRLV	A	-
JF288381	SRLV	A	-
JF288382	SRLV	A	-
JF288383	SRLV	A	-
JF288384	SRLV	A	-
JF288385	SRLV	A	-
JF288386	SRLV	A	-
JF288387	SRLV	A	-
JF288388	SRLV	A	A4
JF288389	SRLV	A	A4
JF288390	SRLV	A	A4
JF288391	SRLV	A	A4
JF288392	SRLV	A	A4
JF288393	SRLV	A	A4
JF288394	SRLV	A	A4
JF288395	SRLV	A	A4
JF288396	SRLV	A	A4
JF288397	SRLV	A	A4
JF288398	SRLV	A	A4
JF288399	SRLV	A	A4
JF288400	SRLV	A	A4
JF288401	SRLV	A	A4
JF288402	SRLV	A	A4
JF288403	SRLV	A	A4
JF288404	SRLV	A	A4
JF288405	SRLV	A	A4
JF288406	SRLV	A	A4
JF288407	SRLV	A	A4
JF288408	SRLV	A	A4
JF288409	SRLV	A	A4
JF288410	SRLV	A	A4
JF288411	SRLV	A	A4
JF288412	SRLV	A	A4
JF288413	SRLV	A	A4
JF288414	SRLV	A	A4
JF288415	SRLV	A	A4
JF288416	SRLV	A	-
JF288417	SRLV	A	-
JF288418	SRLV	A	-
JF288419	SRLV	A	-
JF288420	SRLV	A	-
JF288421	SRLV	A	-
JF288422	SRLV	A	A4
JF288423	SRLV	A	-
JF288424	SRLV	A	A4
JF288425	SRLV	A	-
JF288426	SRLV	A	-
JF288427	SRLV	A	-
JF288428	SRLV	A	-
JF288429	SRLV	A	-
JF288430	SRLV	A	-
JF288431	SRLV	A	-
JF288432	SRLV	A	-
JF288433	SRLV	A	-
JF288434	SRLV	A	-
JF288435	SRLV	A	-
JF288436	SRLV	A	-
JF288437	SRLV	A	-
JF288438	SRLV	A	-
JF288439	SRLV	A	-
JF288440	SRLV	A	-
JF288441	SRLV	A	A4
JF288442	SRLV	A	A4
JF288443	SRLV	A	A4
JF288444	SRLV	A	A4
JF288445	SRLV	A	A4
JF288446	SRLV	A	-
JF288447	SRLV	A	-
JF288448	SRLV	A	A4
JF288449	SRLV	A	A4
JF288450	SRLV	A	A4
JF288451	SRLV	A	A4
JF288452	SRLV	A	A4
JF288453	SRLV	A	A4
JF288454	SRLV	A	A4
JF288455	SRLV	A	A4
JF288456	SRLV	A	A4
JF288457	SRLV	A	A4
JF288458	SRLV	A	A4
JF288459	SRLV	A	A4
JF288460	SRLV	A	A4
JF288461	SRLV	A	A4
JF288462	SRLV	A	A4
JF288463	SRLV	A	A4
JF288464	SRLV	A	A4
JF288465	SRLV	A	A4
JF288466	SRLV	A	A4
JF288467	SRLV	A	A4
JF288468	SRLV	A	A4
JF288469	SRLV	A	A4
JF288470	SRLV	A	A4
JF288471	SRLV	A	A4
JF288472	SRLV	A	A4
JF288473	SRLV	A	A4
JF288474	SRLV	A	A4
JF288475	SRLV	A	A4
JF288476	SRLV	A	A4
JF288477	SRLV	A	A4
JF288478	SRLV	A	A4
JF288479	SRLV	A	A4
JF288480	SRLV	A	A4
JF288481	SRLV	A	A4
JF288482	SRLV	A	A4
JF288483	SRLV	A	A4
JF288484	SRLV	A	A4
JF288485	SRLV	A	A4
JF288486	SRLV	A	A4
JF288487	SRLV	A	A4
JF288488	SRLV	A	A4
JF288489	SRLV	A	A4
JF288490	SRLV	A	A4
JF288491	SRLV	A	A4
JF288492	SRLV	A	A4
JF288493	SRLV	A	A4
JF288494	SRLV	A	A4
JF288495	SRLV	A	A4
JF288496	SRLV	A	A4
JF288497	SRLV	A	A4
JF288498	SRLV	A	A4
JF288499	SRLV	A	A4
JF288500	SRLV	A	A4
JF288501	SRLV	A	A4
JF288502	SRLV	A	A4
JF288503	SRLV	A	A4
JF288504	SRLV	A	A4
JF288505	SRLV	A	A4
JF288506	SRLV	A	A4
JF288507	SRLV	A	A4
JF288508	SRLV	A	A4
JF288509	SRLV	A	A4
JF288510	SRLV	A	A4
JF288511	SRLV	A	A4
JF288512	SRLV	A	A4
JF288513	SRLV	A	A4
JF288514	SRLV	A	A4
JF288515	SRLV	A	A4
JF288516	SRLV	A	A4
JF288517	SRLV	A	A4
JF288518	SRLV	A	A4
JF288519	SRLV	A	A4
JF288520	SRLV	A	A4
JF288521	SRLV	A	A4
JF288522	SRLV	A	A4
JF288523	SRLV	A	A4
JF288524	SRLV	A	A4
JF288525	SRLV	A	A4
JF288526	SRLV	A	A4
JF288527	SRLV	A	A4
JF288528	SRLV	A	A4
JF288529	SRLV	A	A4
JF288530	SRLV	A	A4
JF288531	SRLV	A	A4
JF288532	SRLV	A	A4
JF288533	SRLV	A	A4
JF288534	SRLV	A	A4
JF288535	SRLV	A	A4
JF288536	SRLV	A	A4
JF502418	SRLV	BC	B3
JF520393	SRLV	BC	-
JF520394	SRLV	E	E2
JF520395	SRLV	BC	B3
JF520396	SRLV	BC	-
JF520397	SRLV	BC	-
JF714253	SRLV	BC	B1
JF714254	SRLV	BC	B1
JF714255	SRLV	BC	B1
JN184351	SRLV	A	A4
JN184352	SRLV	A	A4
JN184353	SRLV	A	A4
JN184354	SRLV	A	A4
JN184355	SRLV	A	A4
JN184356	SRLV	A	A4
JN184357	SRLV	A	A4
JN184358	SRLV	A	A1
JN184359	SRLV	A	A4
JN184360	SRLV	B	-
JN184361	SRLV	B	-
JN184362	SRLV	A	A4
JN184363	SRLV	A	A4
JN184364	SRLV	A	A4
JN184365	SRLV	A	A4
JN184366	SRLV	A	A4
JN184367	SRLV	A	A4
JN184368	SRLV	A	A4
JN184369	SRLV	A	A4
JN184370	SRLV	A	A4
JN184371	SRLV	A	A1
JN184372	SRLV	A	A4
JN184373	SRLV	BC	B2
JN184374	SRLV	B	-
JN184375	SRLV	BC	B2
JN184376	SRLV	BC	B2
JN184377	SRLV	BC	B2
JN184378	SRLV	BC	B2
JN184379	SRLV	A	A4
JN184380	SRLV	A	A4
JN184381	SRLV	A	A4
JN184382	SRLV	A	A4
JN184383	SRLV	A	A4
JN184384	SRLV	A	A4
JN184385	SRLV	A	A4
JN184386	SRLV	A	A4
JN184387	SRLV	BC	B2
JN184388	SRLV	BC	B2
JN184389	SRLV	A	A4
JN184390	SRLV	A	A4
JN184391	SRLV	BC	B2
JN184392	SRLV	BC	B2
JN184393	SRLV	BC	B2
JN184394	SRLV	BC	B2
JQ290318	SRLV	BC	B1
JQ290319	SRLV	BC	B1
JQ290320	SRLV	BC	B1
JQ290321	SRLV	BC	B1
JQ290322	SRLV	BC	B1
JQ290323	SRLV	BC	B1
JQ290324	SRLV	BC	B1
JQ290325	SRLV	BC	B1
JQ290326	SRLV	BC	B1
JQ290327	SRLV	BC	B1
JQ290328	SRLV	BC	B1
JQ290329	SRLV	BC	B1
JQ290330	SRLV	BC	B1
JQ290331	SRLV	BC	B1
JQ290332	SRLV	BC	B1
JQ290333	SRLV	BC	B1
JQ290334	SRLV	BC	B1
JQ290335	SRLV	BC	B1
JQ290336	SRLV	BC	B1
JQ290337	SRLV	BC	B1
JQ290338	SRLV	BC	B1
JQ290339	SRLV	BC	B1
JQ290340	SRLV	BC	B1
JQ290341	SRLV	BC	B1
JQ610905	SRLV	A	A3
JQ610906	SRLV	A	A1
JQ610907	SRLV	A	A1
JQ610908	SRLV	A	-
JQ610909	SRLV	A	A1
JQ610910	SRLV	A	A1
JQ610911	SRLV	A	A1
JQ610912	SRLV	A	A1
JQ610913	SRLV	A	A1
JQ610914	SRLV	A	A1
JQ610915	SRLV	A	A1
JQ610916	SRLV	A	A1
JQ610917	SRLV	A	A1
JQ610918	SRLV	A	A1
JQ610919	SRLV	A	A1
JQ610920	SRLV	A	A1
JQ610921	SRLV	A	A1
JQ610922	SRLV	A	A1
JQ610923	SRLV	A	A1
JQ610924	SRLV	A	A1
JQ610925	SRLV	A	A1
JQ610926	SRLV	A	A1
JQ610927	SRLV	A	A1
JQ610928	SRLV	A	A1
JQ610929	SRLV	A	A1
JQ610930	SRLV	A	A1
JQ610931	SRLV	A	A1
JQ610932	SRLV	A	A1
JQ610933	SRLV	A	A1
JQ610934	SRLV	A	A1
JQ610935	SRLV	A	A1
JQ610936	SRLV	A	A1
JQ610937	SRLV	A	A1
JQ610938	SRLV	A	A1
JQ610939	SRLV	A	A1
JQ610940	SRLV	A	A1
JQ610941	SRLV	A	A1
JQ610942	SRLV	BC	B1
JQ610943	SRLV	BC	B1
JQ610944	SRLV	BC	B1
JQ610945	SRLV	BC	B1
JQ610946	SRLV	BC	B1
JQ610947	SRLV	BC	B1
JQ610948	SRLV	BC	B1
JQ610949	SRLV	BC	B1
JQ610950	SRLV	BC	B1
JQ610951	SRLV	BC	B1
JQ610952	SRLV	BC	B1
JQ610953	SRLV	BC	B1
JQ610954	SRLV	BC	B1
JQ610955	SRLV	BC	B1
JQ610956	SRLV	BC	B1
JQ610957	SRLV	BC	B1
JQ610958	SRLV	BC	B1
JQ610959	SRLV	BC	B1
JQ610960	SRLV	BC	B1
JQ610961	SRLV	BC	B1
JQ610962	SRLV	BC	B1
JQ610963	SRLV	BC	B1
JQ610964	SRLV	BC	B1
JQ610965	SRLV	BC	B1
JQ610966	SRLV	BC	B1
JQ610967	SRLV	BC	B1
JQ610968	SRLV	BC	B1
JQ610969	SRLV	BC	B1
JQ610970	SRLV	BC	B1
JQ610971	SRLV	BC	B1
JQ610972	SRLV	BC	B1
JQ610973	SRLV	BC	B1
JQ610974	SRLV	BC	B1
JQ610975	SRLV	BC	B1
JQ610976	SRLV	BC	B1
JQ610977	SRLV	BC	B1
JQ610978	SRLV	BC	B1
JQ610979	SRLV	BC	B1
JQ610980	SRLV	BC	B1
JQ610981	SRLV	BC	B1
JQ610982	SRLV	BC	B1
JQ610983	SRLV	BC	B1
JQ610984	SRLV	BC	B1
JQ610985	SRLV	BC	B1
JQ610986	SRLV	BC	B1
JQ610987	SRLV	BC	B1
JQ610988	SRLV	A	A3
JQ610989	SRLV	A	-
JQ610990	SRLV	A	-
JQ610991	SRLV	A	-
JQ610992	SRLV	A	-
JQ610993	SRLV	A	-
JQ610994	SRLV	A	-
JQ610995	SRLV	A	-
JQ610996	SRLV	A	-
JQ610997	SRLV	A	-
JQ610998	SRLV	A	-
JQ610999	SRLV	A	-
JQ611000	SRLV	A	-
JQ611001	SRLV	A	-
JQ611002	SRLV	A	-
JQ611003	SRLV	A	-
JQ611004	SRLV	A	-
JQ611005	SRLV	A	-
JQ611006	SRLV	A	-
JQ611007	SRLV	A	-
JQ611008	SRLV	A	-
JQ611009	SRLV	A	-
JQ611010	SRLV	A	-
JQ611011	SRLV	A	-
JQ611012	SRLV	A	-
JQ611013	SRLV	A	-
JQ611014	SRLV	A	-
JQ611015	SRLV	A	-
JQ611016	SRLV	A	-
JQ611017	SRLV	A	-
JQ611018	SRLV	A	-
JQ611019	SRLV	A	-
JQ611020	SRLV	A	-
JQ611021	SRLV	A	-
JQ611022	SRLV	A	-
JQ611023	SRLV	A	-
JQ611024	SRLV	A	-
JQ611025	SRLV	A	-
JQ611026	SRLV	A	-
JQ611027	SRLV	A	-
JQ611028	SRLV	A	-
JQ611029	SRLV	A	-
JQ611030	SRLV	A	-
JQ898278	SRLV	A	-
JQ898279	SRLV	A	-
JQ898280	SRLV	A	A3
JQ898281	SRLV	A	A3
JQ898282	SRLV	A	A3
JQ898283	SRLV	A	A3
JQ898284	SRLV	A	-
JQ898285	SRLV	A	A3
JQ898287	SRLV	A	-
JX469600	SRLV	BC	B1
JX469601	SRLV	BC	B1
JX469602	SRLV	BC	B1
JX469603	SRLV	BC	B1
JX469604	SRLV	BC	B1
JX469605	SRLV	BC	B1
JX469606	SRLV	BC	B1
JX469607	SRLV	A	-
JX469608	SRLV	A	-
JX469609	SRLV	A	-
JX469610	SRLV	A	-
JX660691	SRLV	A	A1
JX660692	SRLV	A	A3
JX660693	SRLV	BC	B2
JX660694	SRLV	A	A3
JX660695	SRLV	BC	B2
JX878404	SRLV	BC	B2
JX878405	SRLV	BC	B2
JX982682	SRLV	A	A4
JX982683	SRLV	A	A4
JX982684	SRLV	A	A4
JX982685	SRLV	A	A4
JX982686	SRLV	A	A4
JX982687	SRLV	A	A4
JX982688	SRLV	A	A4
JX982689	SRLV	BC	B1
JX982690	SRLV	C	-
JX982691	SRLV	BC	B1
JX982692	SRLV	C	-
JX982693	SRLV	C	-
JX982694	SRLV	C	-
JX982695	SRLV	C	-
JX982696	SRLV	C	-
JX982697	SRLV	C	-
JX982698	SRLV	BC	-
K03327	SRLV	BC	B1
KC155690	SRLV	A	A3
KC155691	SRLV	A	A3
KC155692	SRLV	A	A3
KC155693	SRLV	A	A3
KC155694	SRLV	A	A3
KC155695	SRLV	A	A3
KC155696	SRLV	A	A3
KC155697	SRLV	A	A3
KC155698	SRLV	A	A3
KC155699	SRLV	A	A3
KC155700	SRLV	A	A3
KC155701	SRLV	A	A3
KC155702	SRLV	A	A3
KC155703	SRLV	A	A3
KC155704	SRLV	A	A3
KC155705	SRLV	A	A3
KC155706	SRLV	A	A3
KC155707	SRLV	A	A3
KC155708	SRLV	A	A3
KC155709	SRLV	A	A3
KC155710	SRLV	A	A3
KC155711	SRLV	A	A3
KC155712	SRLV	A	A3
KC155713	SRLV	A	A3
KC155714	SRLV	A	A3
KC155715	SRLV	A	A3
KC155716	SRLV	A	A3
KC155717	SRLV	A	A3
KC155718	SRLV	A	A3
KC155719	SRLV	A	A3
KC155720	SRLV	A	A3
KC155721	SRLV	A	A3
KC155722	SRLV	A	A3
KC155723	SRLV	A	A3
KC155724	SRLV	A	A3
KC155725	SRLV	A	A3
KC155726	SRLV	A	A3
KC155727	SRLV	A	A3
KC155728	SRLV	A	A3
KC155729	SRLV	A	A3
KC155730	SRLV	A	A3
KC155731	SRLV	A	A3
KC155732	SRLV	A	A3
KC155733	SRLV	A	A3
KC155734	SRLV	A	A3
KC155735	SRLV	A	A3
KC155736	SRLV	A	A3
KC155737	SRLV	A	A3
KC155738	SRLV	A	A3
KC155739	SRLV	A	A3
KC155740	SRLV	A	A3
KC155741	SRLV	A	A3
KC155742	SRLV	A	A3
KC155743	SRLV	A	A3
KC155744	SRLV	A	A3
KC155745	SRLV	A	A3
KC155746	SRLV	A	A3
KC155747	SRLV	A	A3
KC155748	SRLV	A	A3
KC155749	SRLV	A	A3
KC155750	SRLV	A	A3
KC155751	SRLV	A	A3
KC155752	SRLV	A	A3
KC155753	SRLV	A	A3
KC155754	SRLV	A	A3
KC155755	SRLV	A	A3
KC155756	SRLV	A	A3
KC155757	SRLV	A	A3
KC155758	SRLV	A	A3
KC155759	SRLV	A	A3
KC155760	SRLV	A	A3
KC155761	SRLV	A	A3
KC155762	SRLV	A	A3
KC155763	SRLV	A	A3
KC155764	SRLV	A	A3
KC155765	SRLV	A	A3
KC155766	SRLV	A	A3
KC155767	SRLV	A	A3
KC155768	SRLV	A	A3
KC155769	SRLV	A	A3
KC155770	SRLV	A	A3
KC155771	SRLV	A	A3
KC155772	SRLV	A	A3
KC155773	SRLV	A	A3
KC155774	SRLV	A	A3
KC155775	SRLV	A	A3
KC155776	SRLV	A	A3
KC155777	SRLV	A	A3
KC155778	SRLV	A	A3
KC155779	SRLV	A	A3
KC155780	SRLV	A	A3
KC155781	SRLV	A	A3
KC155782	SRLV	A	A3
KC155783	SRLV	A	A3
KC155784	SRLV	A	A3
KC155785	SRLV	A	A3
KC155786	SRLV	A	A3
KC155787	SRLV	A	A3
KC155788	SRLV	A	A3
KC155789	SRLV	A	A3
KC155790	SRLV	A	A3
KC155791	SRLV	A	A3
KC155792	SRLV	A	A3
KC155793	SRLV	A	A3
KC155794	SRLV	A	A3
KC155795	SRLV	A	A3
KC155796	SRLV	A	A3
KC155797	SRLV	A	A3
KC155798	SRLV	A	A3
KC155799	SRLV	A	A3
KC155800	SRLV	A	A3
KC155801	SRLV	A	A3
KC155802	SRLV	A	A3
KC155803	SRLV	A	A3
KC155804	SRLV	A	A3
KC155805	SRLV	A	A3
KC155806	SRLV	A	A3
KC155807	SRLV	A	A3
KC155808	SRLV	A	A3
KC155809	SRLV	A	A3
KC155810	SRLV	A	A3
KC155811	SRLV	A	A3
KC155812	SRLV	A	A3
KC155813	SRLV	A	A3
KC155814	SRLV	A	A3
KC155815	SRLV	A	A3
KC155816	SRLV	A	A3
KC155817	SRLV	A	A3
KC155818	SRLV	A	A3
KC155819	SRLV	A	A3
KC197173	SRLV	BC	B1
KC197174	SRLV	BC	B1
KC197175	SRLV	BC	B1
KC197176	SRLV	BC	B1
KC197177	SRLV	BC	B1
KC197178	SRLV	BC	B1
KC197179	SRLV	BC	B1
KC197180	SRLV	BC	B1
KC197181	SRLV	A	A3
KC197182	SRLV	A	A3
KC197183	SRLV	A	A3
KC197184	SRLV	A	A3
KC197185	SRLV	A	A3
KC197186	SRLV	A	A3
KC197187	SRLV	A	A3
KC197188	SRLV	BC	B1
KC197189	SRLV	BC	B1
KC197190	SRLV	BC	B1
KC197191	SRLV	A	A3
KC197192	SRLV	A	A3
KC197193	SRLV	BC	B1
KC197194	SRLV	A	A3
KC197195	SRLV	A	A3
KC197196	SRLV	A	A3
KC197197	SRLV	A	A3
KC197198	SRLV	A	A3
KC197199	SRLV	A	A3
KC197200	SRLV	A	A3
KC241921	SRLV	BC	B1
KC241922	SRLV	BC	B1
KC241923	SRLV	BC	B1
KC241924	SRLV	BC	B1
KC241925	SRLV	BC	B1
KC241926	SRLV	BC	B1
KC241927	SRLV	BC	B1
KC241928	SRLV	BC	B1
KC241929	SRLV	BC	B1
KC241930	SRLV	BC	B1
KC241931	SRLV	BC	B1
KC241932	SRLV	BC	B1
KC241933	SRLV	BC	B1
KC241934	SRLV	BC	B1
KC241935	SRLV	BC	B1
KC241936	SRLV	BC	B1
KC241937	SRLV	BC	B1
KC241938	SRLV	BC	B1
KC241939	SRLV	BC	B1
KC241940	SRLV	BC	B1
KC241941	SRLV	BC	B1
KC241942	SRLV	BC	B1
KC241943	SRLV	BC	B1
KC241944	SRLV	BC	B1
KC241945	SRLV	BC	B1
KC241946	SRLV	BC	B1
KC241947	SRLV	BC	B1
KC241948	SRLV	BC	B1
KC241949	SRLV	BC	B1
KC241950	SRLV	BC	B1
KC241951	SRLV	BC	B1
KC241952	SRLV	BC	B1
KC560792	SRLV	A	A1
KF011980	SRLV	A	A3
KF011981	SRLV	A	A3
KF011982	SRLV	A	A3
KF011983	SRLV	A	A3
KF011984	SRLV	A	A3
KF011985	SRLV	A	A3
KF011986	SRLV	A	A3
KF011987	SRLV	A	A3
KF011988	SRLV	A	A3
KF011989	SRLV	A	A3
KF011990	SRLV	A	A3
KF011991	SRLV	A	A3
KF011992	SRLV	A	A3
KF011993	SRLV	A	A3
KF011994	SRLV	A	A3
KF011995	SRLV	A	A3
KF011996	SRLV	A	A3
KF011997	SRLV	A	A3
KF011998	SRLV	A	A3
KF011999	SRLV	A	A3
KF012000	SRLV	A	A3
KF012001	SRLV	A	A3
KF012002	SRLV	A	A3
KF012003	SRLV	A	A3
KF012004	SRLV	A	A3
KF012005	SRLV	A	A3
KF012006	SRLV	A	A3
KF012007	SRLV	A	A3
KF012008	SRLV	A	A3
KF012009	SRLV	A	A3
KF012010	SRLV	A	A3
KF012011	SRLV	A	A3
KF012012	SRLV	A	A3
KF012013	SRLV	A	A3
KF012014	SRLV	A	A3
KF012015	SRLV	A	A3
KF012016	SRLV	A	A3
KF012017	SRLV	A	A3
KF012018	SRLV	A	A3
KF012019	SRLV	A	A3
KF012020	SRLV	A	A3
KF012021	SRLV	A	A3
KF012022	SRLV	A	A3
KF012023	SRLV	A	A3
KF012024	SRLV	A	A3
KF012025	SRLV	A	A3
KF012026	SRLV	A	A3
KF012027	SRLV	A	A3
KF012028	SRLV	A	A3
KF012029	SRLV	A	A3
KF012030	SRLV	A	A3
KF012031	SRLV	A	A3
KF012032	SRLV	A	A3
KF012033	SRLV	A	A3
KF012034	SRLV	A	A3
KF012035	SRLV	A	A3
KF012036	SRLV	A	A3
KF012037	SRLV	A	A3
KF012038	SRLV	A	A3
KF012039	SRLV	A	A3
KF012040	SRLV	A	A3
KF012041	SRLV	A	A3
KF012042	SRLV	A	A3
KF012043	SRLV	A	A3
KF012044	SRLV	A	A3
KF012045	SRLV	A	A3
KF012046	SRLV	A	A3
KF012047	SRLV	A	A3
KF012048	SRLV	A	A3
KF012049	SRLV	A	A3
KF012050	SRLV	A	A3
KF012051	SRLV	A	A3
KF012052	SRLV	A	A3
KF012053	SRLV	A	A3
KF012054	SRLV	A	A3
KF012055	SRLV	A	A3
KF012056	SRLV	A	A3
KF012057	SRLV	A	A3
KF012058	SRLV	A	A3
KF012059	SRLV	A	A3
KF012060	SRLV	A	A3
KF012061	SRLV	A	A3
KF012062	SRLV	A	A3
KF012063	SRLV	A	A3
KF012064	SRLV	A	A3
KF012065	SRLV	A	A3
KF012066	SRLV	A	A3
KF012067	SRLV	A	A3
KF012068	SRLV	A	A3
KF012069	SRLV	A	A3
KF012070	SRLV	A	A3
KF012071	SRLV	A	A3
KF012072	SRLV	A	A3
KF012073	SRLV	A	A3
KF012074	SRLV	A	A3
KF012075	SRLV	A	A3
KF012076	SRLV	A	A3
KF012077	SRLV	A	A3
KF012078	SRLV	A	A3
KF012079	SRLV	A	A3
KF012080	SRLV	A	A3
KF012081	SRLV	A	A3
KF012082	SRLV	A	A3
KF012083	SRLV	A	A3
KF012084	SRLV	A	A3
KF012085	SRLV	A	A3
KF012086	SRLV	A	A3
KF012087	SRLV	A	A3
KF012088	SRLV	A	A3
KF012089	SRLV	A	A3
KF012090	SRLV	A	A3
KF012091	SRLV	A	A3
KF012092	SRLV	A	A3
KF012093	SRLV	A	A3
KF012094	SRLV	A	A3
KF012095	SRLV	A	A3
KF012096	SRLV	A	A3
KF012097	SRLV	A	A3
KF012098	SRLV	A	A3
KF012099	SRLV	A	A3
KF012100	SRLV	A	A3
KF012101	SRLV	A	A3
KF012102	SRLV	A	A3
KF012103	SRLV	A	A3
KF012104	SRLV	A	A3
KF012105	SRLV	A	A3
KF012106	SRLV	A	A3
KF012107	SRLV	A	A3
KF012108	SRLV	A	A3
KF012109	SRLV	A	A3
KF012110	SRLV	A	A3
KF012111	SRLV	A	A3
KF012112	SRLV	A	A3
KF012113	SRLV	A	A3
KF012114	SRLV	A	A3
KF012115	SRLV	A	A3
KF012116	SRLV	A	A3
KF012117	SRLV	A	A3
KF012118	SRLV	A	A3
KF012119	SRLV	A	A3
KF012120	SRLV	A	A3
KF012121	SRLV	A	A3
KF012122	SRLV	A	A3
KF012123	SRLV	A	A3
KF012124	SRLV	A	A3
KF012125	SRLV	A	A3
KF012126	SRLV	A	A3
KF012127	SRLV	A	A3
KF012128	SRLV	A	A3
KF012129	SRLV	A	A3
KF012130	SRLV	A	A3
KF012131	SRLV	A	A3
KF012132	SRLV	A	A3
KF012133	SRLV	A	A3
KF012134	SRLV	A	A3
KF012135	SRLV	A	A3
KF012136	SRLV	A	A3
KF012137	SRLV	A	A3
KF012138	SRLV	A	A3
KF012139	SRLV	A	A3
KF012140	SRLV	A	A3
KF012141	SRLV	A	A3
KF012142	SRLV	A	A3
KF012143	SRLV	A	A3
KF012144	SRLV	A	A3
KF012145	SRLV	A	A3
KF012146	SRLV	A	A3
KF012147	SRLV	A	A3
KF012148	SRLV	A	A3
KF012149	SRLV	A	A3
KF012150	SRLV	A	A3
KF012151	SRLV	A	A3
KF012152	SRLV	A	A3
KF012153	SRLV	A	A3
KF012154	SRLV	A	A3
KF012155	SRLV	A	A3
KF012156	SRLV	A	A3
KF012157	SRLV	A	A3
KF012158	SRLV	A	A3
KF012159	SRLV	A	A3
KF012160	SRLV	A	A3
KF012161	SRLV	A	A3
KF012162	SRLV	A	A3
KF012163	SRLV	A	A3
KF012164	SRLV	A	A3
KF012165	SRLV	A	A3
KF012166	SRLV	A	A3
KF012167	SRLV	A	A3
KF012168	SRLV	A	A3
KF012169	SRLV	A	A3
KF012170	SRLV	A	A3
KF012171	SRLV	A	A3
KF012172	SRLV	A	A3
KF012173	SRLV	A	A3
KF012174	SRLV	A	A3
KF012175	SRLV	A	A3
KF012176	SRLV	A	A3
KF012177	SRLV	A	A3
KF012178	SRLV	A	A3
KF012179	SRLV	A	A3
KF012180	SRLV	A	A3
KF012181	SRLV	A	A3
KF012182	SRLV	A	A3
KF012183	SRLV	A	A3
KF012184	SRLV	A	A3
KF012185	SRLV	A	A3
KF012186	SRLV	A	A3
KF012187	SRLV	A	A3
KF012188	SRLV	A	A3
KF012189	SRLV	A	A3
KF012190	SRLV	A	A3
KF012191	SRLV	A	A3
KF012192	SRLV	A	A3
KF012193	SRLV	A	A3
KF012194	SRLV	A	A3
KF012195	SRLV	A	A3
KF012196	SRLV	A	A3
KF012197	SRLV	A	A3
KF012198	SRLV	A	A3
KF012199	SRLV	A	A3
KF012200	SRLV	A	A3
KF012201	SRLV	A	A3
KF012202	SRLV	A	A3
KF012203	SRLV	A	A3
KF012204	SRLV	A	A3
KF012205	SRLV	A	A3
KF012206	SRLV	A	A3
KF012207	SRLV	A	A3
KF012208	SRLV	A	A3
KF012209	SRLV	A	A3
KF012210	SRLV	A	A3
KF012211	SRLV	A	A3
KF012212	SRLV	A	A3
KF012213	SRLV	A	A3
KF012214	SRLV	A	A3
KF012215	SRLV	A	A3
KF012216	SRLV	A	A3
KF012217	SRLV	A	A3
KF012218	SRLV	A	A3
KF012219	SRLV	A	A3
KF012220	SRLV	A	A3
KF012221	SRLV	A	A3
KF012222	SRLV	A	A3
KF012223	SRLV	A	A3
KF012224	SRLV	A	A3
KF012225	SRLV	A	A3
KF012226	SRLV	A	A3
KF012227	SRLV	A	A3
KF012228	SRLV	A	A3
KF012229	SRLV	A	A3
KF012230	SRLV	A	A3
KF012231	SRLV	A	A3
KF012232	SRLV	A	A3
KF012233	SRLV	A	A3
KF012234	SRLV	A	A3
KF012235	SRLV	A	A3
KF012236	SRLV	A	A3
KF012237	SRLV	A	A3
KF012238	SRLV	A	A3
KF012239	SRLV	A	A3
KF012240	SRLV	A	A3
KF012241	SRLV	A	A3
KF012242	SRLV	A	A3
KF012243	SRLV	A	A3
KF012244	SRLV	A	A3
KF012245	SRLV	A	A3
KF012246	SRLV	A	A3
KF012247	SRLV	A	A3
KF012248	SRLV	A	A3
KF012249	SRLV	A	A3
KF012250	SRLV	A	A3
KF012251	SRLV	A	A3
KF012252	SRLV	A	A3
KF012253	SRLV	A	A3
KF012254	SRLV	A	A3
KF012255	SRLV	A	A3
KF012256	SRLV	A	A3
KF012257	SRLV	A	A3
KF012258	SRLV	A	A3
KF012259	SRLV	A	A3
KF012260	SRLV	A	A3
KF012261	SRLV	A	A3
KF012262	SRLV	A	A3
KF012263	SRLV	A	A3
KF012264	SRLV	A	A3
KF012265	SRLV	A	A3
KF012266	SRLV	A	A3
KF012267	SRLV	A	A3
KF012268	SRLV	A	A3
KF012269	SRLV	A	A3
KF012270	SRLV	A	A3
KF012271	SRLV	A	A3
KF012272	SRLV	A	A3
KF012273	SRLV	A	A3
KF012274	SRLV	A	A3
KF012275	SRLV	A	A3
KF012276	SRLV	A	A3
KF012277	SRLV	A	A3
KF012278	SRLV	A	A3
KF012279	SRLV	A	A3
KF012280	SRLV	A	A3
KF012281	SRLV	A	A3
KF012282	SRLV	A	A3
KF012283	SRLV	A	A3
KF012284	SRLV	A	A3
KF012285	SRLV	A	A3
KF012286	SRLV	A	A3
KF012287	SRLV	A	A3
KF012288	SRLV	A	A3
KF012289	SRLV	A	A3
KF012290	SRLV	A	A3
KF012291	SRLV	A	A3
KF012292	SRLV	A	A3
KF012293	SRLV	A	A3
KF012294	SRLV	A	A3
KF012295	SRLV	A	A3
KF012296	SRLV	A	A3
KF012297	SRLV	A	A3
KF012298	SRLV	A	A3
KF012299	SRLV	A	A3
KF012300	SRLV	A	A3
KF012301	SRLV	A	A3
KF012302	SRLV	A	A3
KF012303	SRLV	A	A3
KF012304	SRLV	A	A3
KF012305	SRLV	A	A3
KF012306	SRLV	A	A3
KF012307	SRLV	A	A3
KF012308	SRLV	A	A3
KF012309	SRLV	A	A3
KF012310	SRLV	A	A3
KF012311	SRLV	A	A3
KF012312	SRLV	A	A3
KF012313	SRLV	A	A3
KF012314	SRLV	A	A3
KF012315	SRLV	A	A3
KF012316	SRLV	A	A3
KF012317	SRLV	A	A3
KF012318	SRLV	A	A3
KF012319	SRLV	A	A3
KF012320	SRLV	A	A3
KF012321	SRLV	A	A3
KF012322	SRLV	A	A3
KF012323	SRLV	A	A3
KF012324	SRLV	A	A3
KF012325	SRLV	A	A3
KF012326	SRLV	A	A3
KF012327	SRLV	A	A3
KF012328	SRLV	A	A3
KF012329	SRLV	A	A3
KF012330	SRLV	A	A3
KF012331	SRLV	A	A3
KF012332	SRLV	A	A3
KF012333	SRLV	A	A3
KF012334	SRLV	A	A3
KF012335	SRLV	A	A3
KF012336	SRLV	A	A3
KF012337	SRLV	A	A3
KF012338	SRLV	A	A3
KF012339	SRLV	A	A3
KF012340	SRLV	A	A3
KF012341	SRLV	A	A3
KF012342	SRLV	A	A3
KF012343	SRLV	A	A3
KF012344	SRLV	A	A3
KF012345	SRLV	A	A3
KF012346	SRLV	A	A3
KF012347	SRLV	A	A3
KF012348	SRLV	A	A3
KF012349	SRLV	A	A3
KF012350	SRLV	A	A3
KF012351	SRLV	A	A3
KF012352	SRLV	A	A3
KF012353	SRLV	A	A3
KF012354	SRLV	A	A3
KF012355	SRLV	A	A3
KF012356	SRLV	A	A3
KF012357	SRLV	A	A3
KF012358	SRLV	A	A3
KF012359	SRLV	A	A3
KF012360	SRLV	A	A3
KF012361	SRLV	A	A3
KF012362	SRLV	A	A3
KF012363	SRLV	A	A3
KF012364	SRLV	A	A3
KF012365	SRLV	A	A3
KF012366	SRLV	A	A3
KF012367	SRLV	A	A3
KF012368	SRLV	A	A3
KF012369	SRLV	A	A3
KF012370	SRLV	A	A3
KF012371	SRLV	A	A3
KF012372	SRLV	A	A3
KF012373	SRLV	A	A3
KF012374	SRLV	A	A3
KF012375	SRLV	A	A3
KF012376	SRLV	A	A3
KF012377	SRLV	A	A3
KF012378	SRLV	A	A3
KF012379	SRLV	A	A3
KF012380	SRLV	A	A3
KF012381	SRLV	A	A3
KF012382	SRLV	A	A3
KF012383	SRLV	A	A3
KF012384	SRLV	A	A3
KF012385	SRLV	A	A3
KF012386	SRLV	A	A3
KF012387	SRLV	A	A3
KF012388	SRLV	A	A3
KF012389	SRLV	A	A3
KF012390	SRLV	A	A3
KF012391	SRLV	A	A3
KF012392	SRLV	A	A3
KF012393	SRLV	A	A3
KF012394	SRLV	A	A3
KF012395	SRLV	A	A3
KF012396	SRLV	A	A3
KF012397	SRLV	A	A3
KF012398	SRLV	A	A3
KF012399	SRLV	A	A3
KF012400	SRLV	A	A3
KF012401	SRLV	A	A3
KF012402	SRLV	A	A3
KF012403	SRLV	A	A3
KF012404	SRLV	A	A3
KF012405	SRLV	A	A3
KF012406	SRLV	A	A3
KF012407	SRLV	A	A3
KF012408	SRLV	A	A3
KF012409	SRLV	A	A3
KF012410	SRLV	A	A3
KF012411	SRLV	A	A3
KF012412	SRLV	A	A3
KF012413	SRLV	A	A3
KF012414	SRLV	A	A3
KF012415	SRLV	A	A3
KF012416	SRLV	A	A3
KF012417	SRLV	A	A3
KF012418	SRLV	A	A3
KF012419	SRLV	A	A3
KF012420	SRLV	A	A3
KF012421	SRLV	A	A3
KF012422	SRLV	A	A3
KF012423	SRLV	A	A3
KF012424	SRLV	A	A3
KF012425	SRLV	A	A3
KF012426	SRLV	A	A3
KF012427	SRLV	A	A3
KF012428	SRLV	A	A3
KF012429	SRLV	A	A3
KF012430	SRLV	A	A3
KF012431	SRLV	A	A3
KF012432	SRLV	A	A3
KF012433	SRLV	A	A3
KF012434	SRLV	A	A3
KF012435	SRLV	A	A3
KF012436	SRLV	A	A3
KF012437	SRLV	A	A3
KF012438	SRLV	A	A3
KF012439	SRLV	A	A3
KF012440	SRLV	A	A3
KF012441	SRLV	A	A3
KF012442	SRLV	A	A3
KF012443	SRLV	A	A3
KF012444	SRLV	A	A3
KF012445	SRLV	A	A3
KF012446	SRLV	A	A3
KF012447	SRLV	A	A3
KF012448	SRLV	A	A3
KF012449	SRLV	A	A3
KF012450	SRLV	A	A3
KF012451	SRLV	A	A3
KF012452	SRLV	A	A3
KF012453	SRLV	A	A3
KF012454	SRLV	A	A3
KF012455	SRLV	A	A3
KF012456	SRLV	A	A3
KF012457	SRLV	A	A3
KF012458	SRLV	A	A3
KF012459	SRLV	A	A3
KF012460	SRLV	A	A3
KF012461	SRLV	A	A3
KF012462	SRLV	A	A3
KF012463	SRLV	A	A3
KF012464	SRLV	A	A3
KF012465	SRLV	A	A3
KF012466	SRLV	A	A3
KF012467	SRLV	A	A3
KF012468	SRLV	A	A3
KF012469	SRLV	A	A3
KF012470	SRLV	A	A3
KF012471	SRLV	A	A3
KF012472	SRLV	A	A3
KF012473	SRLV	A	A3
KF012474	SRLV	A	A3
KF012475	SRLV	A	A3
KF012476	SRLV	A	A3
KF012477	SRLV	A	A3
KF012478	SRLV	A	A3
KF012479	SRLV	A	A3
KF012480	SRLV	A	A3
KF012481	SRLV	A	A3
KF012482	SRLV	A	A3
KF012483	SRLV	A	A3
KF012484	SRLV	A	A3
KF012485	SRLV	A	A3
KF012486	SRLV	A	A3
KF012487	SRLV	A	A3
KF012488	SRLV	A	A3
KF012489	SRLV	A	A3
KF012490	SRLV	A	A3
KF012491	SRLV	A	A3
KF012492	SRLV	A	A3
KF012493	SRLV	A	A3
KF012494	SRLV	A	A3
KF012495	SRLV	A	A3
KF012496	SRLV	A	A3
KF012497	SRLV	A	A3
KF012498	SRLV	A	A3
KF012499	SRLV	A	A3
KF012500	SRLV	A	A3
KF012501	SRLV	A	A3
KF012502	SRLV	A	A3
KF012503	SRLV	A	A3
KF012504	SRLV	A	A3
KF012505	SRLV	A	A3
KF012506	SRLV	A	A3
KF012507	SRLV	A	A3
KF012508	SRLV	A	A3
KF012509	SRLV	A	A3
KF012510	SRLV	A	A3
KF012511	SRLV	A	A3
KF012512	SRLV	A	A3
KF012513	SRLV	A	A3
KF012514	SRLV	A	A3
KF012515	SRLV	A	A3
KF012516	SRLV	A	A3
KF012517	SRLV	A	A3
KF012518	SRLV	A	A3
KF012519	SRLV	A	A3
KF012520	SRLV	A	A3
KF012521	SRLV	A	A3
KF012522	SRLV	A	A3
KF012523	SRLV	A	A3
KF012524	SRLV	A	A3
KF012525	SRLV	A	A3
KF012526	SRLV	A	A3
KF012527	SRLV	A	A3
KF012528	SRLV	A	A3
KF012529	SRLV	A	A3
KF012530	SRLV	A	A3
KF012531	SRLV	A	A3
KF012532	SRLV	A	A3
KF012533	SRLV	A	A3
KF012534	SRLV	A	A3
KF012535	SRLV	A	A3
KF012536	SRLV	A	A3
KF012537	SRLV	A	A3
KF012538	SRLV	A	A3
KF012539	SRLV	A	A3
KF012540	SRLV	A	A3
KF012541	SRLV	A	A3
KF012542	SRLV	A	A3
KF012543	SRLV	A	A3
KF012544	SRLV	A	A3
KF012545	SRLV	A	A3
KF012546	SRLV	A	A3
KF012547	SRLV	A	A3
KF012548	SRLV	A	A3
KF012549	SRLV	A	A3
KF012550	SRLV	A	A3
KF012551	SRLV	A	A3
KF012552	SRLV	A	A3
KF012553	SRLV	A	A3
KF012554	SRLV	A	A3
KF012555	SRLV	A	A3
KF012556	SRLV	A	A3
KF012557	SRLV	A	A3
KF012558	SRLV	A	A3
KF012559	SRLV	A	A3
KF012560	SRLV	A	A3
KF012561	SRLV	A	A3
KF012562	SRLV	A	A3
KF012563	SRLV	A	A3
KF012564	SRLV	A	A3
KF012565	SRLV	A	A3
KF012566	SRLV	A	A3
KF012567	SRLV	A	A3
KF012568	SRLV	A	A3
KF012569	SRLV	A	A3
KF012570	SRLV	A	A3
KF012571	SRLV	A	A3
KF012572	SRLV	A	A3
KF012573	SRLV	A	A3
KF012574	SRLV	A	A3
KF012575	SRLV	A	A3
KF012576	SRLV	A	A3
KF012577	SRLV	A	A3
KF012578	SRLV	A	A3
KF012579	SRLV	A	A3
KF012580	SRLV	A	A3
KF012581	SRLV	A	A3
KF012582	SRLV	A	A3
KF012583	SRLV	A	A3
KF012584	SRLV	A	A3
KF012585	SRLV	A	A3
KF012586	SRLV	A	A3
KF012587	SRLV	A	A3
KF012588	SRLV	A	A3
KF012589	SRLV	A	A3
KF012590	SRLV	A	A3
KF012591	SRLV	A	A3
KF012592	SRLV	A	A3
KF012593	SRLV	A	A3
KF012594	SRLV	A	A3
KF012595	SRLV	A	A3
KF012596	SRLV	A	A3
KF012597	SRLV	A	A3
KF012598	SRLV	A	A3
KF012599	SRLV	A	A3
KF012600	SRLV	A	A3
KF012601	SRLV	A	A3
KF012602	SRLV	A	A3
KF012603	SRLV	A	A3
KF012604	SRLV	A	A3
KF012605	SRLV	A	A3
KF012606	SRLV	A	A3
KF012607	SRLV	A	A3
KF012608	SRLV	A	A3
KF012609	SRLV	A	A3
KF012610	SRLV	A	A3
KF012611	SRLV	A	A3
KF012612	SRLV	A	A3
KF012613	SRLV	A	A3
KF012614	SRLV	A	A3
KF012615	SRLV	A	A3
KF012616	SRLV	A	A3
KF012617	SRLV	A	A3
KF012618	SRLV	A	A3
KF012619	SRLV	A	A3
KF012620	SRLV	A	A3
KF012621	SRLV	A	A3
KF012622	SRLV	A	A3
KF012623	SRLV	A	A3
KF012624	SRLV	A	A3
KF012625	SRLV	A	A3
KF012626	SRLV	A	A3
KF012627	SRLV	A	A3
KF012628	SRLV	A	A3
KF012629	SRLV	A	A3
KF012630	SRLV	A	A3
KF012631	SRLV	A	A3
KF012632	SRLV	A	A3
KF012633	SRLV	A	A3
KF012634	SRLV	A	A3
KF024749	SRLV	A	A3
KF024750	SRLV	A	A3
KF024751	SRLV	A	A3
KF024752	SRLV	A	A3
KF024753	SRLV	A	A3
KF024754	SRLV	A	A3
KF024755	SRLV	A	A3
KF024756	SRLV	A	A3
KF024757	SRLV	A	A3
KF024758	SRLV	A	A3
KF024759	SRLV	A	A3
KF024760	SRLV	A	A3
KF024761	SRLV	A	A3
KF024762	SRLV	A	A3
KF024763	SRLV	A	A3
KF024764	SRLV	A	A3
KF024765	SRLV	A	A3
KF024766	SRLV	A	A3
KF024767	SRLV	A	A3
KF024768	SRLV	A	A3
KF024769	SRLV	A	A3
KF024770	SRLV	A	A3
KF024771	SRLV	A	A3
KF024772	SRLV	A	A3
KF024773	SRLV	A	A3
KF024774	SRLV	A	A3
KF024775	SRLV	A	A3
KF024776	SRLV	A	A3
KF024777	SRLV	A	A3
KF024778	SRLV	A	A3
KF024779	SRLV	A	A3
KF024780	SRLV	A	A3
KF024781	SRLV	A	A3
KF024782	SRLV	A	A3
KF024783	SRLV	A	A3
KF024784	SRLV	A	A3
KF024785	SRLV	A	A3
KF024786	SRLV	A	A3
KF024787	SRLV	A	A3
KF024788	SRLV	A	A3
KF024789	SRLV	A	A3
KF024790	SRLV	A	A3
KF024791	SRLV	A	A3
KF024792	SRLV	A	A3
KF024793	SRLV	A	A3
KF024794	SRLV	A	A3
KF024795	SRLV	A	A3
KF024796	SRLV	A	A3
KF024797	SRLV	A	A3
KF024798	SRLV	A	A3
KF024799	SRLV	A	A3
KF024800	SRLV	A	A3
KF024801	SRLV	A	A3
KF024802	SRLV	A	A3
KF024803	SRLV	A	A3
KF024804	SRLV	A	A3
KF024805	SRLV	A	A3
KF024806	SRLV	A	A3
KF024807	SRLV	A	A3
KF024808	SRLV	A	A3
KF024809	SRLV	A	A3
KF024810	SRLV	A	A3
KF024811	SRLV	A	A3
KF024812	SRLV	A	A3
KF024813	SRLV	A	A3
KF024814	SRLV	A	A3
KF024815	SRLV	A	A3
KF024816	SRLV	A	A3
KF024817	SRLV	A	A3
KF024818	SRLV	A	A3
KF024819	SRLV	A	A3
KF024820	SRLV	A	A3
KF024821	SRLV	A	A3
KF024822	SRLV	A	A3
KF024823	SRLV	A	A3
KF024824	SRLV	A	A3
KF024825	SRLV	A	A3
KF024826	SRLV	A	A3
KF024827	SRLV	A	A3
KF024828	SRLV	A	A3
KF024829	SRLV	A	A3
KF024830	SRLV	A	A3
KF024831	SRLV	A	A3
KF024832	SRLV	A	A3
KF024833	SRLV	A	A3
KF024834	SRLV	A	A3
KF024835	SRLV	A	A3
KF024836	SRLV	A	A3
KF024837	SRLV	A	A3
KF024838	SRLV	A	A3
KF024839	SRLV	A	A3
KF024840	SRLV	A	A3
KF024841	SRLV	A	A3
KF024842	SRLV	A	A3
KF024843	SRLV	A	A3
KF024844	SRLV	A	A3
KF024845	SRLV	A	A3
KF024846	SRLV	A	A3
KF024847	SRLV	A	A3
KF024848	SRLV	A	A3
KF024849	SRLV	A	A3
KF024850	SRLV	A	A3
KF024851	SRLV	A	A3
KF024852	SRLV	A	A3
KF024853	SRLV	A	A3
KF024854	SRLV	A	A3
KF024855	SRLV	A	A3
KF024856	SRLV	A	A3
KF024857	SRLV	A	A3
KF024858	SRLV	A	A3
KF024859	SRLV	A	A3
KF024860	SRLV	A	A3
KF024861	SRLV	A	A3
KF024862	SRLV	A	A3
KF024863	SRLV	A	A3
KF024864	SRLV	A	A3
KF024865	SRLV	A	A3
KF024866	SRLV	A	A3
KF024867	SRLV	A	A3
KF024868	SRLV	A	A3
KF024869	SRLV	A	A3
KF024870	SRLV	A	A3
KF024871	SRLV	A	A3
KF024872	SRLV	A	A3
KF024873	SRLV	A	A3
KF024874	SRLV	A	A3
KF024875	SRLV	A	A3
KF024876	SRLV	A	A3
KF024877	SRLV	A	A3
KF024878	SRLV	A	A3
KF024879	SRLV	A	A3
KF024880	SRLV	A	A3
KF024881	SRLV	A	A3
KF024882	SRLV	A	A3
KF024883	SRLV	A	A3
KF024884	SRLV	A	A3
KF024885	SRLV	A	A3
KF024886	SRLV	A	A3
KF024887	SRLV	A	A3
KF024888	SRLV	A	A3
KF024889	SRLV	A	A3
KF024890	SRLV	A	A3
KF024891	SRLV	A	A3
KF024892	SRLV	A	A3
KF024893	SRLV	A	A3
KF024894	SRLV	A	A3
KF024895	SRLV	A	A3
KF024896	SRLV	A	A3
KF024897	SRLV	A	A3
KF024898	SRLV	A	A3
KF024899	SRLV	A	A3
KF024900	SRLV	A	A3
KF024901	SRLV	A	A3
KF024902	SRLV	A	A3
KF024903	SRLV	A	A3
KF024904	SRLV	A	A3
KF024905	SRLV	A	A3
KF024906	SRLV	A	A3
KF024907	SRLV	A	A3
KF024908	SRLV	A	A3
KF024909	SRLV	A	A3
KF024910	SRLV	A	A3
KF024911	SRLV	A	A3
KF024912	SRLV	A	A3
KF024913	SRLV	A	A3
KF024914	SRLV	A	A3
KF024915	SRLV	A	A3
KF024916	SRLV	A	A3
KF024917	SRLV	A	A3
KF024918	SRLV	A	A3
KF024919	SRLV	A	A3
KF024920	SRLV	A	A3
KF024921	SRLV	A	A3
KF024922	SRLV	A	A3
KF024923	SRLV	A	A3
KF024924	SRLV	A	A3
KF024925	SRLV	A	A3
KF024926	SRLV	A	A3
KF024927	SRLV	A	A3
KF024928	SRLV	A	A3
KF024929	SRLV	A	A3
KF024930	SRLV	A	A3
KF024931	SRLV	A	A3
KF024932	SRLV	A	A3
KF024933	SRLV	A	A3
KF024934	SRLV	A	A3
KF024935	SRLV	A	A3
KF024936	SRLV	A	A3
KF024937	SRLV	A	A3
KF024938	SRLV	A	A3
KF024939	SRLV	A	A3
KF024940	SRLV	A	A3
KF024941	SRLV	A	A3
KF024942	SRLV	A	A3
KF024943	SRLV	A	A3
KF024944	SRLV	A	A3
KF024945	SRLV	A	A3
KF024946	SRLV	A	A3
KF024947	SRLV	A	A3
KF024948	SRLV	A	A3
KF024949	SRLV	A	A3
KF024950	SRLV	A	A3
KF024951	SRLV	A	A3
KF024952	SRLV	A	A3
KF024953	SRLV	A	A3
KF024954	SRLV	A	A3
KF024955	SRLV	A	A3
KF024956	SRLV	A	A3
KF024957	SRLV	A	A3
KF024958	SRLV	A	A3
KF024959	SRLV	A	A3
KF024960	SRLV	A	A3
KF024961	SRLV	A	A3
KF024962	SRLV	A	A3
KF024963	SRLV	A	A3
KF024964	SRLV	A	A3
KF024965	SRLV	A	A3
KF024966	SRLV	A	A3
KF024967	SRLV	A	A3
KF024968	SRLV	A	A3
KF024969	SRLV	A	A3
KF024970	SRLV	A	A3
KF024971	SRLV	A	A3
KF024972	SRLV	A	A3
KF024973	SRLV	A	A3
KF024974	SRLV	A	A3
KF024975	SRLV	A	A3
KF024976	SRLV	A	A3
KF024977	SRLV	A	A3
KF024978	SRLV	A	A3
KF024979	SRLV	A	A3
KF024980	SRLV	A	A3
KF024981	SRLV	A	A3
KF024982	SRLV	A	A3
KF024983	SRLV	A	A3
KF024984	SRLV	A	A3
KF024985	SRLV	A	A3
KF024986	SRLV	A	A3
KF024987	SRLV	A	A3
KF024988	SRLV	A	A3
KF024989	SRLV	A	A3
KF024990	SRLV	A	A3
KF024991	SRLV	A	A3
KF024992	SRLV	A	A3
KF024993	SRLV	A	A3
KF024994	SRLV	A	A3
KF024995	SRLV	A	A3
KF024996	SRLV	A	A3
KF024997	SRLV	A	A3
KF024998	SRLV	A	A3
KF024999	SRLV	A	A3
KF025000	SRLV	A	A3
KF025001	SRLV	A	A3
KF025002	SRLV	A	A3
KF025003	SRLV	A	A3
KF025004	SRLV	A	A3
KF025005	SRLV	A	A3
KF025006	SRLV	A	A3
KF025007	SRLV	A	A3
KF025008	SRLV	A	A3
KF025009	SRLV	A	A3
KF025010	SRLV	A	A3
KF025011	SRLV	A	A3
KF025012	SRLV	A	A3
KF025013	SRLV	A	A3
KF025014	SRLV	A	A3
KF025015	SRLV	A	A3
KF025016	SRLV	A	A3
KF025017	SRLV	A	A3
KF025018	SRLV	A	A3
KF025019	SRLV	A	A3
KF025020	SRLV	A	A3
KF025021	SRLV	A	A3
KF025022	SRLV	A	A3
KF025023	SRLV	A	A3
KF025024	SRLV	A	A3
KF025025	SRLV	A	A3
KF025026	SRLV	A	A3
KF025027	SRLV	A	A3
KF025028	SRLV	A	A3
KF025029	SRLV	A	A3
KF025030	SRLV	A	A3
KF025031	SRLV	A	A3
KF025032	SRLV	A	A3
KF025033	SRLV	A	A3
KF025034	SRLV	A	A3
KF025035	SRLV	A	A3
KF025036	SRLV	A	A3
KF025037	SRLV	A	A3
KF025038	SRLV	A	A3
KF025039	SRLV	A	A3
KF025040	SRLV	A	A3
KF025041	SRLV	A	A3
KF025042	SRLV	A	A3
KF025043	SRLV	A	A3
KF025044	SRLV	A	A3
KF025045	SRLV	A	A3
KF025046	SRLV	A	A3
KF025047	SRLV	A	A3
KF025048	SRLV	A	A3
KF025049	SRLV	A	A3
KF025050	SRLV	A	A3
KF025051	SRLV	A	A3
KF025052	SRLV	A	A3
KF025053	SRLV	A	A3
KF025054	SRLV	A	A3
KF025055	SRLV	A	A3
KF025056	SRLV	A	A3
KF025057	SRLV	A	A3
KF025058	SRLV	A	A3
KF025059	SRLV	A	A3
KF025060	SRLV	A	A3
KF025061	SRLV	A	A3
KF025062	SRLV	A	A3
KF025063	SRLV	A	A3
KF025064	SRLV	A	A3
KF025065	SRLV	A	A3
KF025066	SRLV	A	A3
KF025067	SRLV	A	A3
KF025068	SRLV	A	A3
KF025069	SRLV	A	A3
KF025070	SRLV	A	A3
KF025071	SRLV	A	A3
KF025072	SRLV	A	A3
KF025073	SRLV	A	A3
KF025074	SRLV	A	A3
KF025075	SRLV	A	A3
KF025076	SRLV	A	A3
KF025077	SRLV	A	A3
KF025078	SRLV	A	A3
KF025079	SRLV	A	A3
KF025080	SRLV	A	A3
KF025081	SRLV	A	A3
KF025082	SRLV	A	A3
KF025083	SRLV	A	A3
KF025084	SRLV	A	A3
KF025085	SRLV	A	A3
KF025086	SRLV	A	A3
KF025087	SRLV	A	A3
KF025088	SRLV	A	A3
KF025089	SRLV	A	A3
KF025090	SRLV	A	A3
KF025091	SRLV	A	A3
KF025092	SRLV	A	A3
KF025093	SRLV	A	A3
KF025094	SRLV	A	A3
KF025095	SRLV	A	A3
KF025096	SRLV	A	A3
KF025097	SRLV	A	A3
KF025098	SRLV	A	A3
KF025099	SRLV	A	A3
KF025100	SRLV	A	A3
KF025101	SRLV	A	A3
KF025102	SRLV	A	A3
KF025103	SRLV	A	A3
KF025104	SRLV	A	A3
KF025105	SRLV	A	A3
KF025106	SRLV	A	A3
KF025107	SRLV	A	A3
KF025108	SRLV	A	A3
KF025109	SRLV	A	A3
KF025110	SRLV	A	A3
KF025111	SRLV	A	A3
KF025112	SRLV	A	A3
KF025113	SRLV	A	A3
KF025114	SRLV	A	A3
KF025115	SRLV	A	A3
KF025116	SRLV	A	A3
KF025117	SRLV	A	A3
KF025118	SRLV	A	A3
KF025119	SRLV	A	A3
KF025120	SRLV	A	A3
KF025121	SRLV	A	A3
KF025122	SRLV	A	A3
KF025123	SRLV	A	A3
KF025124	SRLV	A	A3
KF025125	SRLV	A	A3
KF025126	SRLV	A	A3
KF025127	SRLV	A	A3
KF025128	SRLV	A	A3
KF025129	SRLV	A	A3
KF025130	SRLV	A	A3
KF025131	SRLV	A	A3
KF025132	SRLV	A	A3
KF025133	SRLV	A	A3
KF025134	SRLV	A	A3
KF025135	SRLV	A	A3
KF025136	SRLV	A	A3
KF025137	SRLV	A	A3
KF025138	SRLV	A	A3
KF025139	SRLV	A	A3
KF025140	SRLV	A	A3
KF025141	SRLV	A	A3
KF025142	SRLV	A	A3
KF025143	SRLV	A	A3
KF025144	SRLV	A	A3
KF025145	SRLV	A	A3
KF025146	SRLV	A	A3
KF025147	SRLV	A	A3
KF025148	SRLV	A	A3
KF025149	SRLV	A	A3
KF025150	SRLV	A	A3
KF025151	SRLV	A	A3
KF025152	SRLV	A	A3
KF025153	SRLV	A	A3
KF025154	SRLV	A	A3
KF025155	SRLV	A	A3
KF025156	SRLV	A	A3
KF025157	SRLV	A	A3
KF025158	SRLV	A	A3
KF025159	SRLV	A	A3
KF025160	SRLV	A	A3
KF025161	SRLV	A	A3
KF025162	SRLV	A	A3
KF025163	SRLV	A	A3
KF025164	SRLV	A	A3
KF025165	SRLV	A	A3
KF025166	SRLV	A	A3
KF025167	SRLV	A	A3
KF025168	SRLV	A	A3
KF025169	SRLV	A	A3
KF025170	SRLV	A	A3
KF025171	SRLV	A	A3
KF025172	SRLV	A	A3
KF025173	SRLV	A	A3
KF025174	SRLV	A	A3
KF025175	SRLV	A	A3
KF025176	SRLV	A	A3
KF025177	SRLV	A	A3
KF025178	SRLV	A	A3
KF025179	SRLV	A	A3
KF025180	SRLV	A	A3
KF025181	SRLV	A	A3
KF025182	SRLV	A	A3
KF025183	SRLV	A	A3
KF025184	SRLV	A	A3
KF025185	SRLV	A	A3
KF025186	SRLV	A	A3
KF025187	SRLV	A	A3
KF025188	SRLV	A	A3
KF025189	SRLV	A	A3
KF025190	SRLV	A	A3
KF025191	SRLV	A	A3
KF025192	SRLV	A	A3
KF025193	SRLV	A	A3
KF025194	SRLV	A	A3
KF025195	SRLV	A	A3
KF025196	SRLV	A	A3
KF025197	SRLV	A	A3
KF861550	SRLV	BC	B1
KF861551	SRLV	BC	B1
KF861552	SRLV	BC	B1
KF861553	SRLV	BC	B1
KF861554	SRLV	BC	B1
KF861555	SRLV	BC	B1
KF861556	SRLV	BC	B1
KF861557	SRLV	BC	B1
KF861558	SRLV	BC	B1
KF861559	SRLV	BC	B1
KF861560	SRLV	BC	B1
KF861561	SRLV	BC	B1
KF861562	SRLV	BC	B1
KF861563	SRLV	BC	B1
KF861564	SRLV	BC	B1
KF861565	SRLV	BC	B1
KF861566	SRLV	BC	B1
KF861567	SRLV	BC	B1
KF861568	SRLV	BC	B1
KF861569	SRLV	BC	B1
KF861570	SRLV	BC	B1
KF861571	SRLV	BC	B1
KF861572	SRLV	BC	B1
KF861573	SRLV	A	A1
KF861574	SRLV	A	-
KF990530	SRLV	A	A4
KF990531	SRLV	A	A4
KF990532	SRLV	A	A4
KF990533	SRLV	A	A4
KF990534	SRLV	A	A4
KF990535	SRLV	A	A4
KF990536	SRLV	A	A4
KF990537	SRLV	A	A4
KF990538	SRLV	A	A4
KF990539	SRLV	A	A4
KF990540	SRLV	A	A4
KJ641269	SRLV	A	A3
KJ641270	SRLV	A	A3
KJ641271	SRLV	A	A3
KJ641272	SRLV	A	A3
KJ641273	SRLV	A	A3
KJ641274	SRLV	A	A3
KJ641275	SRLV	A	A3
KJ641276	SRLV	A	A3
KJ641277	SRLV	A	A3
KJ641278	SRLV	A	A3
KJ641279	SRLV	A	A3
KJ641280	SRLV	A	A3
KJ641281	SRLV	A	A3
KJ641282	SRLV	A	A3
KJ641283	SRLV	A	A3
KJ641284	SRLV	A	A3
KJ641285	SRLV	A	A3
KJ641286	SRLV	A	A3
KJ641287	SRLV	A	A3
KJ641288	SRLV	A	A3
KJ641289	SRLV	A	A3
KJ641290	SRLV	A	A3
KJ641291	SRLV	A	A3
KJ641292	SRLV	A	A3
KJ641293	SRLV	A	A3
KJ641294	SRLV	A	A3
KJ641295	SRLV	A	A3
KJ641296	SRLV	A	A3
KJ641297	SRLV	A	A3
KJ641298	SRLV	A	A3
KJ641299	SRLV	A	A3
KJ641300	SRLV	A	A3
KJ641301	SRLV	A	A3
KJ641302	SRLV	A	A3
KJ641303	SRLV	A	A3
KJ641304	SRLV	A	A3
KJ641305	SRLV	A	A3
KJ641306	SRLV	A	A3
KJ641307	SRLV	A	A3
KJ641308	SRLV	A	A3
KJ641309	SRLV	A	A3
KJ641310	SRLV	A	A3
KJ641313	SRLV	BC	B1
KJ641316	SRLV	BC	B1
KJ641318	SRLV	BC	B1
KJ641319	SRLV	BC	B1
KJ641322	SRLV	BC	B1
KJ641325	SRLV	BC	B1
KJ641327	SRLV	BC	B1
KJ641332	SRLV	BC	B1
KJ641333	SRLV	BC	B1
KJ641334	SRLV	BC	B1
KJ641335	SRLV	BC	B1
KJ641336	SRLV	BC	B1
KJ641337	SRLV	BC	B1
KJ641338	SRLV	BC	B1
KJ641339	SRLV	BC	B1
KJ641340	SRLV	BC	B1
KJ641341	SRLV	BC	B1
KJ641342	SRLV	BC	B1
KJ641343	SRLV	BC	B1
KJ641344	SRLV	BC	B1
KJ641345	SRLV	BC	B1
KJ641346	SRLV	BC	B1
KJ641347	SRLV	BC	B1
KJ641348	SRLV	BC	B1
KJ641349	SRLV	BC	B1
KJ641350	SRLV	BC	B1
KJ641351	SRLV	BC	B1
KJ641352	SRLV	BC	B1
KJ641353	SRLV	BC	B1
KJ641354	SRLV	BC	B1
KJ641355	SRLV	BC	B1
KJ641356	SRLV	BC	B1
KJ641357	SRLV	BC	B1
KJ641358	SRLV	BC	B1
KJ641359	SRLV	BC	B1
KJ641360	SRLV	BC	B1
KJ641361	SRLV	BC	B1
KJ641362	SRLV	BC	B1
KJ641363	SRLV	BC	B1
KJ641364	SRLV	BC	B1
KJ641365	SRLV	BC	B1
KJ641366	SRLV	BC	B1
KJ641367	SRLV	BC	B1
KJ641368	SRLV	BC	B1
KJ641369	SRLV	BC	B1
KJ641370	SRLV	BC	B1
KJ641371	SRLV	BC	B1
KJ641372	SRLV	BC	B1
KJ641373	SRLV	BC	B1
KJ641374	SRLV	BC	B1
KJ641375	SRLV	BC	B1
KJ641376	SRLV	BC	B1
KJ641377	SRLV	BC	B1
KJ641378	SRLV	BC	B1
KJ641379	SRLV	BC	B1
KJ641380	SRLV	BC	B1
KJ641381	SRLV	BC	B1
KJ641382	SRLV	BC	B1
KJ641383	SRLV	BC	B1
KJ641384	SRLV	BC	B1
KJ641385	SRLV	BC	B1
KJ641386	SRLV	BC	B1
KJ641387	SRLV	BC	B1
KJ641388	SRLV	BC	B1
KJ641389	SRLV	BC	B1
KJ641390	SRLV	BC	B1
KJ641391	SRLV	BC	B1
KJ641392	SRLV	BC	B1
KJ641393	SRLV	A	A3
KJ641394	SRLV	A	A3
KJ641395	SRLV	A	A3
KJ641396	SRLV	A	A3
KJ641397	SRLV	A	A3
KJ641398	SRLV	A	A3
KJ641399	SRLV	A	A3
KJ641400	SRLV	A	A3
KJ641401	SRLV	BC	B1
KJ641403	SRLV	BC	B1
KJ641404	SRLV	BC	B1
KJ641405	SRLV	BC	B1
KJ641406	SRLV	A	A3
KJ641407	SRLV	A	A3
KJ641409	SRLV	BC	B1
KJ641411	SRLV	BC	B1
KJ641412	SRLV	BC	B1
KJ641413	SRLV	BC	B1
KJ641414	SRLV	A	A3
KJ641415	SRLV	A	A3
KJ641416	SRLV	A	A3
KJ641417	SRLV	A	A3
KJ641418	SRLV	A	A3
KJ641419	SRLV	A	A3
KJ641422	SRLV	A	A3
KP120539	SRLV	A	A3
KP120540	SRLV	A	A3
KP120541	SRLV	A	A3
KP120542	SRLV	A	A3
KP120543	SRLV	A	A3
KP120544	SRLV	A	A3
KP120545	SRLV	A	A3
KP120546	SRLV	A	A3
KP120547	SRLV	A	A3
KP120548	SRLV	A	A3
KP120549	SRLV	A	A3
KP120550	SRLV	A	A3
KP120551	SRLV	A	A3
KP120552	SRLV	A	A3
KP120553	SRLV	A	A3
KP120554	SRLV	A	A3
KP120555	SRLV	A	A3
KP325714	SRLV	BC	B1
KP412530	SRLV	A	A1
KP412531	SRLV	A	A1
KP412532	SRLV	A	A1
KP412533	SRLV	A	A1
KP742804	SRLV	BC	B1
KP876016	SRLV	BC	B1
KP876017	SRLV	BC	B1
KP876018	SRLV	BC	B1
KP876019	SRLV	BC	B1
KP974987	SRLV	A	-
KP974988	SRLV	A	-
KP974989	SRLV	BC	B1
KP974990	SRLV	BC	B1
KP974991	SRLV	BC	B1
KP974992	SRLV	BC	B1
KP974993	SRLV	BC	B1
KP974994	SRLV	BC	B1
KP974995	SRLV	A	-
KP974996	SRLV	A	-
KP974997	SRLV	A	-
KP974998	SRLV	A	-
KP974999	SRLV	A	-
KP975000	SRLV	A	-
KP975001	SRLV	A	-
KP975002	SRLV	A	-
KP975003	SRLV	A	A3
KP975004	SRLV	A	-
KP975005	SRLV	A	A3
KP975006	SRLV	A	-
KP975007	SRLV	A	-
KP975008	SRLV	A	-
KP975009	SRLV	A	-
KP975010	SRLV	A	-
KP975011	SRLV	A	-
KP975012	SRLV	A	-
KP975013	SRLV	A	-
KP975014	SRLV	A	-
KP975015	SRLV	A	-
KP975016	SRLV	A	-
KP975017	SRLV	A	-
KP975018	SRLV	A	-
KP975019	SRLV	A	-
KP975020	SRLV	A	-
KP975021	SRLV	A	-
KP975022	SRLV	A	-
KP975023	SRLV	A	-
KP975024	SRLV	A	-
KP975025	SRLV	A	-
KP975026	SRLV	A	-
KP975027	SRLV	A	-
KP975028	SRLV	A	-
KP975029	SRLV	A	-
KP975030	SRLV	A	-
KP975031	SRLV	A	-
KP975032	SRLV	A	-
KP975033	SRLV	A	-
KP975034	SRLV	A	-
KP975035	SRLV	A	-
KP975036	SRLV	A	-
KP975037	SRLV	A	-
KP975038	SRLV	A	-
KP975039	SRLV	A	-
KP975040	SRLV	A	-
KP975041	SRLV	A	-
KP975042	SRLV	A	-
KP975043	SRLV	A	-
KP975044	SRLV	A	-
KP975045	SRLV	A	-
KP975046	SRLV	BC	B1
KP975047	SRLV	BC	B1
KP975048	SRLV	BC	B1
KP975049	SRLV	BC	B1
KP975050	SRLV	BC	B1
KP975051	SRLV	BC	B1
KP975052	SRLV	BC	B1
KP975053	SRLV	BC	B1
KP975054	SRLV	BC	B1
KP975055	SRLV	BC	B1
KP975056	SRLV	BC	B1
KP975057	SRLV	BC	B1
KP975058	SRLV	A	-
KP975059	SRLV	A	-
KP975060	SRLV	A	-
KP975061	SRLV	A	-
KP975062	SRLV	A	-
KP975063	SRLV	A	A1
KP975064	SRLV	A	-
KP975065	SRLV	A	-
KP975066	SRLV	A	-
KP975067	SRLV	A	-
KP975068	SRLV	A	-
KP975069	SRLV	A	-
KP975070	SRLV	A	-
KP975071	SRLV	A	-
KP975072	SRLV	A	-
KP975073	SRLV	A	-
KR011757	SRLV	A	A3
KT921318	SRLV	A	A0
KT921319	SRLV	A	-
KT921320	SRLV	A	-
KU170752	SRLV	A	A3
KU170753	SRLV	A	A3
KU170754	SRLV	A	A3
KU170755	SRLV	A	A3
KU170756	SRLV	A	A3
KU170757	SRLV	A	A3
KU170758	SRLV	A	A3
KU170759	SRLV	A	-
KU170760	SRLV	A	A0
KU170761	SRLV	A	-
KU170762	SRLV	A	A3
KU170763	SRLV	A	A3
KU170764	SRLV	A	A3
KU170765	SRLV	A	A3
KU170766	SRLV	A	A3
KX687990	SRLV	BC	B1
KX687991	SRLV	BC	B1
KX687992	SRLV	BC	B1
KY865002	SRLV	A	A3
KY865003	SRLV	A	A3
KY865004	SRLV	A	A3
KY865005	SRLV	A	A3
KY865006	SRLV	A	A3
KY865007	SRLV	A	A3
KY865008	SRLV	BC	B1
KY865009	SRLV	A	A3
KY865010	SRLV	A	A3
KY865011	SRLV	A	A3
KY865012	SRLV	A	A3
KY865013	SRLV	A	A3
KY865014	SRLV	A	A3
KY865015	SRLV	A	A3
KY865016	SRLV	A	A3
KY865017	SRLV	A	A3
KY865018	SRLV	BC	B2
KY865019	SRLV	BC	B1
KY865020	SRLV	A	A1
KY865021	SRLV	A	A3
KY865022	SRLV	A	A3
KY865023	SRLV	A	A3
KY865024	SRLV	BC	-
KY865025	SRLV	BC	B1
KY865026	SRLV	BC	B1
KY865027	SRLV	A	A3
KY865028	SRLV	A	A3
KY865029	SRLV	BC	-
KY865030	SRLV	A	A3
KY865031	SRLV	A	A3
KY865032	SRLV	BC	B2
KY865033	SRLV	A	A3
L06906	SRLV	A	A1
L19198	SRLV	A	A3
L19199	SRLV	-	-
L78448	SRLV	BC	C
LC002526	SRLV	BC	B1
LC208635	SRLV	BC	B1
LC208636	SRLV	BC	B1
LC208637	SRLV	BC	B1
LC208638	SRLV	BC	B1
LC208639	SRLV	BC	B1
LC208640	SRLV	BC	B1
LC208641	SRLV	BC	B1
LC208642	SRLV	BC	B1
LC208643	SRLV	BC	B1
LC208644	SRLV	BC	B1
LC208645	SRLV	BC	B1
LC208646	SRLV	BC	B1
LC208647	SRLV	BC	B1
LC208648	SRLV	BC	B1
LC208649	SRLV	BC	B1
LC208650	SRLV	BC	B1
LC208651	SRLV	BC	B1
LC208652	SRLV	BC	B1
LC208653	SRLV	BC	B1
LC208654	SRLV	BC	B1
LC208655	SRLV	BC	B1
LC208656	SRLV	BC	B1
LC208657	SRLV	BC	B1
LC208658	SRLV	BC	B1
LC208659	SRLV	BC	B1
LC208660	SRLV	BC	B1
LC208661	SRLV	BC	B1
LR723087	SRLV	BC	B1
LR723090	SRLV	BC	B1
LR723091	SRLV	BC	B1
LR723092	SRLV	BC	B1
LR723093	SRLV	BC	B1
LR723094	SRLV	BC	-
LR723095	SRLV	BC	B1
LR723096	SRLV	BC	B1
LR723097	SRLV	BC	B1
LR723098	SRLV	BC	B1
LR723321	SRLV	BC	B1
LR723322	SRLV	BC	B1
LR723323	SRLV	BC	B1
LR723540	SRLV	BC	B1
LR723541	SRLV	BC	B1
LR723542	SRLV	BC	B1
LR723543	SRLV	BC	B1
LR723544	SRLV	BC	B1
LR723545	SRLV	BC	B1
LR723546	SRLV	BC	B1
LR723547	SRLV	BC	B1
LR723548	SRLV	BC	B1
LR723549	SRLV	BC	B1
LR723556	SRLV	BC	B1
LR723557	SRLV	A	-
LR723558	SRLV	BC	B1
LR723559	SRLV	BC	B1
LR723560	SRLV	BC	B1
LR723561	SRLV	BC	B1
LR723562	SRLV	BC	B1
LR723563	SRLV	BC	B1
LR723564	SRLV	BC	B1
LR723565	SRLV	BC	B1
LR723566	SRLV	BC	B1
LR723567	SRLV	BC	B1
LR723568	SRLV	BC	B1
LR723569	SRLV	BC	B1
LR723570	SRLV	BC	B1
LR723571	SRLV	BC	B1
LR723572	SRLV	BC	B1
LR723573	SRLV	BC	B1
LR723574	SRLV	BC	B1
LR723575	SRLV	BC	B1
LR723576	SRLV	BC	B1
LR723577	SRLV	BC	B1
LR723578	SRLV	BC	B1
LR723579	SRLV	A	-
LR723580	SRLV	BC	B1
LR723581	SRLV	BC	B1
LR723582	SRLV	A	-
LR723583	SRLV	BC	B1
LR723584	SRLV	BC	B3
LR732016	SRLV	BC	B1
LR732017	SRLV	BC	B1
LR732018	SRLV	A	A3
LR732244	SRLV	BC	B1
LR732245	SRLV	BC	B3
LR732246	SRLV	BC	B1
LR732247	SRLV	BC	B3
LR732248	SRLV	BC	B1
LR732249	SRLV	BC	B3
LR732250	SRLV	BC	B3
LR732251	SRLV	BC	B2
LR732252	SRLV	BC	B2
LR732253	SRLV	BC	B1
LR732254	SRLV	BC	B2
LR732255	SRLV	BC	B2
LR732256	SRLV	BC	B1
LR732257	SRLV	A	-
LR732258	SRLV	A	-
LR732259	SRLV	BC	B1
LR732260	SRLV	BC	B1
LR732261	SRLV	BC	B1
LR732722	SRLV	BC	B1
LR732723	SRLV	BC	B1
LR732724	SRLV	BC	B1
LR732725	SRLV	BC	B1
LR732726	SRLV	A	A1
LR732727	SRLV	A	A1
LR732728	SRLV	A	A1
LR732729	SRLV	BC	B3
LR732730	SRLV	BC	B1
LR732731	SRLV	BC	B1
LR732732	SRLV	BC	-
LR732733	SRLV	BC	B1
LR732734	SRLV	BC	B3
LR732735	SRLV	A	A18
LR732736	SRLV	A	A18
LR732737	SRLV	BC	B1
LR732738	SRLV	BC	B3
LR732739	SRLV	BC	B1
LR732740	SRLV	A	A1
LR732741	SRLV	A	-
LR732742	SRLV	BC	B1
LR732743	SRLV	A	A18
LR735175	SRLV	BC	B1
LR735176	SRLV	A	A4
LR735177	SRLV	BC	B1
LR735178	SRLV	BC	-
LR735179	SRLV	BC	-
LR735180	SRLV	BC	B3
LR735181	SRLV	BC	B3
LR735182	SRLV	BC	B2
LR735183	SRLV	BC	B2
LR735184	SRLV	BC	B2
LR735185	SRLV	BC	-
LR735186	SRLV	BC	B3
LR735187	SRLV	BC	B3
LR735188	SRLV	BC	B1
LR735189	SRLV	BC	B1
LR735190	SRLV	BC	B1
LR735191	SRLV	BC	B3
LR735192	SRLV	BC	B3
LR735193	SRLV	BC	B2
LR735194	SRLV	BC	B1
LR735202	SRLV	A	-
LR735203	SRLV	A	A8
LR735204	SRLV	BC	B1
LR735205	SRLV	BC	B1
LR735206	SRLV	BC	B3
LR735207	SRLV	BC	B2
LR735208	SRLV	A	A3
LR735209	SRLV	BC	B1
LR735210	SRLV	A	A18
LR735211	SRLV	BC	B1
LR735212	SRLV	BC	B1
LR735213	SRLV	BC	B1
LR735214	SRLV	A	A18
LR735215	SRLV	A	A8
LR735216	SRLV	BC	B2
LR735217	SRLV	BC	B2
LR735218	SRLV	BC	B2
LR735229	SRLV	BC	B3
LR735230	SRLV	BC	B2
LR735231	SRLV	BC	-
LR735232	SRLV	BC	B3
LR735233	SRLV	A	-
LR735234	SRLV	BC	B1
LR735235	SRLV	BC	B1
LR735236	SRLV	BC	B3
LR735237	SRLV	A	A1
LR735238	SRLV	A	A18
LR735239	SRLV	A	A18
LR735240	SRLV	A	A18
LR735686	SRLV	BC	B1
LR735687	SRLV	BC	B1
LR735688	SRLV	BC	B1
LR735689	SRLV	BC	B1
LR735690	SRLV	BC	B1
LR735691	SRLV	BC	B3
LR735692	SRLV	BC	B3
LR735693	SRLV	BC	B3
LR735694	SRLV	BC	B1
LR735695	SRLV	A	-
LR735696	SRLV	BC	B3
LR735697	SRLV	A	-
LR735698	SRLV	BC	B1
LR735699	SRLV	BC	-
LR735700	SRLV	BC	B1
M10131	SRLV	A	A1
M14149	SRLV	-	-
M21924	SRLV	-	-
M23048	SRLV	A	A1
M25409	SRLV	A	A1
M33677	SRLV	BC	B1
M60609	SRLV	A	A1
M60855	SRLV	BC	B1
M63105	SRLV	-	-
M63106	SRLV	BC	-
MH179145	SRLV	BC	B2
MH179146	SRLV	BC	B2
MH179147	SRLV	A	A4
MH179148	SRLV	A	A4
MH179149	SRLV	A	A4
MH179150	SRLV	BC	B2
MH179151	SRLV	A	A4
MH179152	SRLV	A	A1
MH179153	SRLV	A	A4
MH179154	SRLV	A	A4
MH179155	SRLV	A	A4
MH179156	SRLV	BC	B2
MH179157	SRLV	A	A4
MH179158	SRLV	A	A4
MH179159	SRLV	A	A4
MH790874	SRLV	A	A1
MH790875	SRLV	A	-
MH790876	SRLV	A	A3
MH790877	SRLV	A	A3
MH790878	SRLV	A	A3
MH790879	SRLV	A	A3
MH790880	SRLV	A	A3
MH790881	SRLV	A	A3
MH790882	SRLV	A	A3
MH790883	SRLV	A	A3
MH790884	SRLV	A	A3
MH790885	SRLV	A	A3
MH790886	SRLV	A	-
MH790887	SRLV	A	A3
MH816978	SRLV	BC	B1
MH827518	SRLV	BC	B1
MH827519	SRLV	BC	B1
MH827520	SRLV	BC	B1
MH827521	SRLV	BC	B1
MH936675	SRLV	BC	B1
MK098477	SRLV	A	A0
MK098478	SRLV	A	A0
MK098479	SRLV	A	A0
MK098480	SRLV	A	A0
MK098481	SRLV	A	A0
MK098482	SRLV	A	A0
MK098489	SRLV	A	-
MK348245	SRLV	A	A3
MK348246	SRLV	A	A3
MK348247	SRLV	A	-
MK348248	SRLV	A	A3
MK348249	SRLV	A	A3
MK348250	SRLV	A	A3
MK348251	SRLV	A	A3
MK348252	SRLV	A	A3
MK348253	SRLV	A	A3
MK348254	SRLV	A	-
MK348255	SRLV	A	-
MK348256	SRLV	A	-
MK348257	SRLV	A	A3
MK348258	SRLV	A	A3
MK348259	SRLV	A	-
MK348260	SRLV	A	A3
MK348261	SRLV	A	A3
MK348262	SRLV	A	-
MK348263	SRLV	A	A3
MK348264	SRLV	A	A3
MK348265	SRLV	A	-
MK348266	SRLV	A	-
MK348267	SRLV	A	-
MK348268	SRLV	A	-
MK348269	SRLV	A	A3
MK348270	SRLV	A	A3
MK348271	SRLV	A	A3
MK348272	SRLV	A	A3
MK348273	SRLV	A	A3
MK348274	SRLV	A	A3
MK348275	SRLV	A	A3
MK348276	SRLV	A	A3
MK348277	SRLV	A	A3
MK348278	SRLV	A	A3
MK348279	SRLV	A	A3
MK348280	SRLV	A	A3
MK348281	SRLV	A	A3
MK348282	SRLV	A	A3
MK348283	SRLV	A	A3
MK348284	SRLV	A	A3
MK348285	SRLV	A	A3
MK348286	SRLV	A	A3
MK348287	SRLV	A	A3
MK348288	SRLV	A	A3
MK348289	SRLV	A	-
MK348290	SRLV	A	-
MK348291	SRLV	A	-
MK348292	SRLV	A	-
MK348293	SRLV	A	-
MK348294	SRLV	A	A3
MK348295	SRLV	A	A3
MK348296	SRLV	A	-
MK348297	SRLV	A	-
MK348298	SRLV	A	-
MK348299	SRLV	A	-
MK348300	SRLV	A	-
MK348301	SRLV	A	A3
MK348302	SRLV	A	-
MK348303	SRLV	A	-
MK348304	SRLV	A	-
MK348305	SRLV	A	-
MK348306	SRLV	A	-
MK348307	SRLV	A	-
MK348308	SRLV	A	-
MK348309	SRLV	A	-
MK348310	SRLV	A	-
MK348311	SRLV	A	-
MK348312	SRLV	A	-
MK348313	SRLV	A	-
MK348314	SRLV	A	-
MK348315	SRLV	A	A3
MK348316	SRLV	A	-
MK348317	SRLV	A	-
MK348318	SRLV	A	-
MK348319	SRLV	A	-
MK348320	SRLV	A	-
MK348321	SRLV	A	-
MK348322	SRLV	A	A3
MK348323	SRLV	A	A3
MK348324	SRLV	A	-
MK348325	SRLV	A	A3
MK348326	SRLV	A	A3
MK348327	SRLV	A	A3
MK348328	SRLV	A	A3
MK348329	SRLV	A	A3
MK348330	SRLV	A	A3
MK348331	SRLV	A	A3
MK348332	SRLV	A	A3
MK348333	SRLV	A	A3
MK348334	SRLV	A	A3
MK348335	SRLV	A	A3
MK348336	SRLV	A	A3
MK348337	SRLV	A	A3
MK348338	SRLV	A	A3
MK348339	SRLV	A	A3
MK348340	SRLV	A	A3
MK348341	SRLV	A	A3
MK348342	SRLV	A	A3
MK348343	SRLV	A	A3
MK348344	SRLV	A	A3
MK348345	SRLV	A	A3
MK348346	SRLV	A	A3
MK348347	SRLV	A	A3
MK348348	SRLV	A	A3
MK348349	SRLV	A	A3
MK348350	SRLV	A	A3
MK348351	SRLV	A	A3
MK348352	SRLV	A	A3
MK348353	SRLV	A	A3
MK348354	SRLV	A	A3
MK348355	SRLV	A	A3
MK348356	SRLV	A	A3
MK348357	SRLV	A	A3
MK348358	SRLV	A	A3
MK348359	SRLV	A	A3
MK348360	SRLV	A	A3
MK348361	SRLV	A	A3
MK348362	SRLV	A	A3
MK348363	SRLV	A	A3
MK348364	SRLV	A	A3
MK348365	SRLV	A	A3
MK348366	SRLV	A	A3
MK348367	SRLV	A	A3
MK348368	SRLV	A	A3
MK348369	SRLV	A	A3
MK348370	SRLV	A	A3
MK348371	SRLV	A	A3
MK348372	SRLV	A	A3
MK348373	SRLV	A	A3
MK348374	SRLV	A	A3
MK348375	SRLV	A	A3
MK348376	SRLV	A	A3
MK348377	SRLV	A	A3
MK348378	SRLV	A	A3
MK348379	SRLV	A	A3
MK348380	SRLV	A	A3
MK348381	SRLV	A	A3
MK348382	SRLV	A	A3
MK348383	SRLV	A	A3
MK348384	SRLV	A	A3
MK348385	SRLV	A	A3
MK348386	SRLV	A	A3
MK348387	SRLV	A	A3
MK348388	SRLV	A	A3
MK348389	SRLV	A	A3
MK348390	SRLV	A	A3
MK348391	SRLV	A	A3
MK348392	SRLV	A	A3
MK348393	SRLV	A	A3
MK348394	SRLV	A	A3
MK348395	SRLV	A	A3
MK348396	SRLV	A	A3
MK348397	SRLV	A	A3
MK348398	SRLV	A	A3
MK348399	SRLV	A	A3
MK348400	SRLV	A	A3
MK348401	SRLV	A	A3
MK348402	SRLV	A	A3
MK348403	SRLV	A	A3
MK348404	SRLV	A	A3
MK348405	SRLV	A	A3
MK348406	SRLV	A	A3
MK348407	SRLV	A	A3
MK348408	SRLV	A	A3
MK348409	SRLV	A	A3
MK348410	SRLV	A	A3
MK348411	SRLV	A	A3
MK348412	SRLV	A	A3
MK348413	SRLV	A	A3
MK348414	SRLV	A	A3
MK348415	SRLV	A	A3
MK348416	SRLV	A	A3
MK348417	SRLV	A	A3
MK348418	SRLV	A	A3
MK348419	SRLV	A	A3
MK348420	SRLV	A	A3
MK348421	SRLV	A	A3
MK348422	SRLV	A	A3
MK348423	SRLV	A	A3
MK348424	SRLV	A	A3
MK348425	SRLV	A	A3
MK348426	SRLV	A	A3
MK348427	SRLV	A	A3
MK348428	SRLV	A	A3
MK348429	SRLV	A	A3
MK503987	SRLV	A	A0
MK573535	SRLV	A	A0
MN186565	SRLV	A	A3
MN233104	SRLV	A	-
MN233105	SRLV	A	-
MN233106	SRLV	A	A1
MN233107	SRLV	A	-
MN233108	SRLV	A	A1
MN233109	SRLV	A	A1
MN233110	SRLV	A	A1
MN233111	SRLV	A	A1
MN233112	SRLV	A	A1
MN233113	SRLV	A	A1
MN233114	SRLV	A	-
MN233115	SRLV	A	-
MN233116	SRLV	A	A1
MN233117	SRLV	A	-
MN233118	SRLV	A	-
MN233119	SRLV	A	-
MN233120	SRLV	A	-
MN233121	SRLV	A	A0
MN233122	SRLV	A	A1
MN233123	SRLV	A	-
MN233124	SRLV	A	-
MN233125	SRLV	A	-
MN233126	SRLV	A	A0
MN233127	SRLV	A	A3
MN233128	SRLV	A	A0
MN233129	SRLV	A	-
MN233130	SRLV	A	A3
MN233131	SRLV	A	-
MN233132	SRLV	A	-
MN233133	SRLV	A	-
MN233134	SRLV	A	-
MN233135	SRLV	A	A4
MN233136	SRLV	A	-
MN233137	SRLV	A	A0
MN233138	SRLV	A	A0
MN233139	SRLV	A	-
MN233140	SRLV	A	A0
MN233141	SRLV	A	A3
MN233142	SRLV	A	-
MN233143	SRLV	A	-
MN233144	SRLV	A	A1
MN233145	SRLV	A	A4
MN233146	SRLV	A	A3
MN233147	SRLV	A	A1
MN233148	SRLV	A	A4
MN233149	SRLV	A	A3
MN233150	SRLV	A	A3
MN233151	SRLV	A	-
MN646784	SRLV	A	A1
MN646785	SRLV	A	A1
MN646786	SRLV	A	A1
MN646787	SRLV	A	A1
MN646788	SRLV	A	A1
MN646789	SRLV	A	A1
MN784744	SRLV	A	A1
MN784745	SRLV	BC	B1
MN784746	SRLV	A	A1
MN784747	SRLV	BC	B1
MN784748	SRLV	A	-
MN784749	SRLV	BC	B1
MN784750	SRLV	A	-
MN784751	SRLV	A	-
MN784752	SRLV	A	A1
MN784753	SRLV	BC	B1
MN784754	SRLV	A	-
MN784755	SRLV	A	A1
MN784756	SRLV	A	A1
MN784757	SRLV	A	-
MN784758	SRLV	A	-
MN784759	SRLV	BC	B1
MN784760	SRLV	A	-
MN784761	SRLV	BC	B1
MN784762	SRLV	BC	B1
MN784763	SRLV	BC	B1
MN784764	SRLV	A	-
MN784765	SRLV	BC	B1
MN784766	SRLV	A	-
MN784767	SRLV	A	-
MN784768	SRLV	BC	B1
MN784769	SRLV	A	A1
MN784770	SRLV	BC	B1
MN784771	SRLV	A	-
MN784772	SRLV	A	-
MN784773	SRLV	A	A1
MN784774	SRLV	A	-
MN784775	SRLV	A	A1
MN784776	SRLV	A	A1
MN784777	SRLV	A	A1
MN784778	SRLV	A	A1
MN784779	SRLV	A	A1
MN784780	SRLV	A	-
MN784781	SRLV	BC	B1
MN784782	SRLV	A	A1
MN784783	SRLV	BC	B1
MN784784	SRLV	A	A1
MN879317	SRLV	BC	B1
MN879318	SRLV	BC	B1
MP829719	SRLV	A	A1
MP829721	SRLV	A	A1
MP829730	SRLV	A	A1
MP829748	SRLV	A	A1
MP829749	SRLV	A	A1
MP829758	SRLV	-	-
MT360654	SRLV	A	-
MT360655	SRLV	A	-
MT360656	SRLV	A	-
MT360657	SRLV	A	-
MT360658	SRLV	A	-
MT360659	SRLV	A	-
MT360660	SRLV	A	-
MT360661	SRLV	A	A1
MT360662	SRLV	A	-
MT360672	SRLV	A	A3
MT360673	SRLV	A	A3
MT360674	SRLV	A	-
MT360675	SRLV	A	A3
MT360676	SRLV	A	A3
MT360677	SRLV	A	A3
MT360678	SRLV	A	A3
MT559603	SRLV	A	A0
MT559604	SRLV	A	A0
MT559605	SRLV	A	A0
MT559606	SRLV	A	A0
MT559607	SRLV	A	A0
MT559608	SRLV	A	A0
MT702763	SRLV	A	A3
MT702764	SRLV	A	A3
MT702765	SRLV	A	A3
MT702766	SRLV	A	A3
MT702767	SRLV	A	A3
MT702768	SRLV	A	A3
MT702769	SRLV	A	A3
MT702770	SRLV	A	A3
MT702771	SRLV	A	A3
MT702772	SRLV	A	A3
MT702773	SRLV	A	A3
MT702774	SRLV	A	A3
MT702775	SRLV	A	A3
MT702776	SRLV	A	A3
MT702777	SRLV	A	A3
MT702778	SRLV	A	A3
MT702779	SRLV	A	A3
MT702780	SRLV	A	A3
MT702781	SRLV	A	A3
MT702782	SRLV	A	A3
MT702783	SRLV	A	A1
MT702784	SRLV	A	A1
MT702785	SRLV	A	A1
MT702786	SRLV	A	A1
MT702787	SRLV	A	A1
MT702788	SRLV	A	A1
MT702789	SRLV	A	A1
MW199996	SRLV	BC	B1
MW199997	SRLV	BC	B1
MW199998	SRLV	BC	B1
MW199999	SRLV	BC	B1
MW200000	SRLV	BC	B1
MW200001	SRLV	A	A1
MW200002	SRLV	A	A1
MW200003	SRLV	A	A1
MW200004	SRLV	A	A1
MW200005	SRLV	A	A1
MW483686	SRLV	BC	B1
MW483687	SRLV	BC	B1
MW483688	SRLV	BC	B1
MW483689	SRLV	BC	B1
MW483690	SRLV	BC	B1
MW483691	SRLV	BC	B1
MW711326	SRLV	BC	B1
MW711327	SRLV	BC	B1
MW711328	SRLV	BC	B1
MW711329	SRLV	BC	B1
MZ313871	SRLV	A	A3
MZ313872	SRLV	A	A3
MZ351192	SRLV	BC	B1
MZ351193	SRLV	BC	B1
MZ367346	SRLV	BC	B1
MZ367347	SRLV	BC	B1
MZ367348	SRLV	BC	B1
MZ367349	SRLV	BC	B1
MZ367350	SRLV	BC	B1
MZ367351	SRLV	BC	B1
MZ367352	SRLV	BC	B1
MZ367353	SRLV	BC	B1
MZ367354	SRLV	BC	B1
MZ367355	SRLV	BC	B1
MZ367356	SRLV	BC	B1
MZ367357	SRLV	A	-
MZ367358	SRLV	BC	B1
MZ367359	SRLV	BC	B1
MZ367360	SRLV	A	A1
MZ367361	SRLV	BC	B1
MZ484405	SRLV	A	-
NC_001511	SRLV	A	A1
OK149652	SRLV	A	A3
OK149653	SRLV	A	A3
OK149654	SRLV	A	A3
OK149655	SRLV	A	A3
OK149656	SRLV	A	-
OK149657	SRLV	A	-
OK149658	SRLV	A	-
OK149659	SRLV	A	-
OK149660	SRLV	A	-
OK149661	SRLV	A	-
OK149662	SRLV	A	-
OK149663	SRLV	A	-
OK149664	SRLV	A	-
OK149665	SRLV	A	-
OK325451	SRLV	A	-
OK325452	SRLV	A	-
OK325453	SRLV	A	-
OK325454	SRLV	A	-
OK325455	SRLV	BC	B2
OK325456	SRLV	A	-
OK325457	SRLV	BC	B3
OK325458	SRLV	BC	B1
OK325459	SRLV	BC	B3
OK325460	SRLV	BC	B3
OK325461	SRLV	BC	B3
OK325462	SRLV	BC	B3
OK325463	SRLV	BC	B3
OK325464	SRLV	BC	B3
OK325465	SRLV	BC	-
OK325466	SRLV	BC	-
OK325467	SRLV	BC	-
OK325468	SRLV	BC	B3
OK325469	SRLV	A	-
OK325470	SRLV	A	-
OK325471	SRLV	A	-
OK325472	SRLV	A	-
OK325473	SRLV	A	-
OK325474	SRLV	A	-
OK325475	SRLV	A	-
OK325476	SRLV	A	-
OK325477	SRLV	A	-
OK325478	SRLV	BC	B3
OK325479	SRLV	BC	B3
OK325480	SRLV	BC	-
OK325481	SRLV	A	-
OK325482	SRLV	BC	B2
OK325483	SRLV	BC	B2
OK325484	SRLV	BC	B2
OK325485	SRLV	BC	B2
OK325486	SRLV	BC	B3
OK325487	SRLV	BC	B2
OK325488	SRLV	A	A18
OK325489	SRLV	A	A18
OK325490	SRLV	A	A18
OK325491	SRLV	BC	-
OK325492	SRLV	A	A18
OK325493	SRLV	A	A18
OK325494	SRLV	A	A18
OK325495	SRLV	A	A18
OK325496	SRLV	BC	B2
OK325497	SRLV	A	A18
OK325498	SRLV	A	A18
OK325499	SRLV	BC	B3
OK325500	SRLV	BC	B2
OK325501	SRLV	A	-
OK325502	SRLV	A	A18
OK325503	SRLV	BC	B2
OK325504	SRLV	BC	B2
OK325505	SRLV	BC	B2
OK325506	SRLV	BC	B2
OK325507	SRLV	BC	B2
OK325508	SRLV	BC	B2
OK325509	SRLV	BC	B2
OK325510	SRLV	BC	B2
OK325511	SRLV	BC	B2
OK325512	SRLV	BC	B2
OK325513	SRLV	BC	B2
OK325514	SRLV	BC	B2
OK325515	SRLV	BC	B2
OK325516	SRLV	BC	B2
OK325517	SRLV	BC	B2
OK325518	SRLV	BC	B2
OK325519	SRLV	BC	B2
OK325520	SRLV	BC	B2
OK325521	SRLV	BC	B2
OK325522	SRLV	BC	B2
OK325523	SRLV	BC	B2
OK325524	SRLV	BC	B2
OK325525	SRLV	BC	B2
OK325526	SRLV	BC	B2
OK325527	SRLV	BC	B2
OK325528	SRLV	BC	B2
OK325529	SRLV	BC	B2
OK325530	SRLV	BC	B2
OK325531	SRLV	BC	B2
OK325532	SRLV	BC	B2
OK325533	SRLV	BC	B2
OK325534	SRLV	BC	B2
OK325535	SRLV	BC	B2
OK325536	SRLV	BC	B2
OK325537	SRLV	BC	B2
OK325538	SRLV	BC	B2
OK325539	SRLV	BC	B2
OK325540	SRLV	BC	B2
OK325541	SRLV	BC	B2
OK325542	SRLV	BC	B2
OK325543	SRLV	BC	B2
OK325544	SRLV	BC	B2
OK325545	SRLV	BC	B2
OK325546	SRLV	BC	B2
OK325547	SRLV	BC	B2
OK325548	SRLV	BC	B2
OK325549	SRLV	BC	B2
OK325550	SRLV	BC	B2
OK325551	SRLV	BC	B2
OK325552	SRLV	BC	B1
OK325553	SRLV	BC	B1
OK325554	SRLV	BC	B3
OK325555	SRLV	BC	B3
OK325556	SRLV	A	A18
OK325557	SRLV	BC	-
OK325558	SRLV	BC	B3
OK325559	SRLV	BC	B3
OK325560	SRLV	BC	B3
OK325561	SRLV	BC	B3
OK325562	SRLV	BC	-
OK325563	SRLV	BC	B3
OK325564	SRLV	BC	B3
OK325565	SRLV	BC	B3
OK325566	SRLV	BC	B3
OK325567	SRLV	BC	B3
OK325568	SRLV	BC	B3
OK325569	SRLV	BC	-
OK325570	SRLV	BC	-
OK325571	SRLV	BC	B3
OK325572	SRLV	BC	B3
OK325573	SRLV	BC	B3
OK325574	SRLV	BC	-
OK325575	SRLV	BC	B3
OK325576	SRLV	BC	B3
OK325577	SRLV	BC	B3
OK325578	SRLV	BC	B3
OK325579	SRLV	BC	-
OK325580	SRLV	BC	B3
OK325581	SRLV	BC	B3
OK325582	SRLV	BC	B3
OK325583	SRLV	BC	B3
OL348001	SRLV	BC	-
OL348002	SRLV	BC	B2
OL348003	SRLV	BC	B2
OL348004	SRLV	BC	B2
OL348005	SRLV	BC	B2
OL348006	SRLV	BC	B2
OL348007	SRLV	BC	-
OL348008	SRLV	BC	-
OL348009	SRLV	BC	-
OL348010	SRLV	BC	-
OL348011	SRLV	BC	-
OL348012	SRLV	BC	-
OL348013	SRLV	BC	-
OL348014	SRLV	BC	-
OL348015	SRLV	BC	-
OL348016	SRLV	A	A3
OL348017	SRLV	A	A3
OL348018	SRLV	A	A3
OL348019	SRLV	A	A3
OL348020	SRLV	A	A3
OL348021	SRLV	A	A3
OL348023	SRLV	A	A3
OL348024	SRLV	A	A3
OL348025	SRLV	A	A3
OL348026	SRLV	A	A3
OL348027	SRLV	A	A3
OL348028	SRLV	A	A3
OL348029	SRLV	A	A3
OL348030	SRLV	A	A3
OL348031	SRLV	A	A3
OL348032	SRLV	A	A3
OL348033	SRLV	A	A3
OL348034	SRLV	A	A3
OL348035	SRLV	A	A3
OL348036	SRLV	A	A3
OL348037	SRLV	A	A3
OL348038	SRLV	A	A3
OL348039	SRLV	A	A3
OL348041	SRLV	A	A3
OL348042	SRLV	A	A3
OL348043	SRLV	A	A3
OL348044	SRLV	A	A3
OL348045	SRLV	A	A3
OL348046	SRLV	A	A3
OL348047	SRLV	A	A3
OL348048	SRLV	A	A3
OL348053	SRLV	A	A0
OL348054	SRLV	A	-
OL348055	SRLV	A	A0
OL348056	SRLV	A	A0
OL348057	SRLV	A	A0
OL348058	SRLV	A	A0
OL436259	SRLV	A	-
OL436260	SRLV	A	A3
OL436261	SRLV	A	-
OL436264	SRLV	BC	B2
OL436265	SRLV	BC	B2
OL436267	SRLV	A	-
OL436268	SRLV	A	-
OL436270	SRLV	A	-
OL436271	SRLV	A	-
OL436272	SRLV	A	A3
OL436273	SRLV	A	-
OL436274	SRLV	A	-
OL436275	SRLV	A	-
OL436276	SRLV	A	-
OL436277	SRLV	A	-
OL436278	SRLV	A	-
OL436279	SRLV	A	-
OL436280	SRLV	A	-
OL436282	SRLV	A	-
OL436284	SRLV	A	-
OL436285	SRLV	A	A3
OL436286	SRLV	A	A3
OL436287	SRLV	A	A3
OL436288	SRLV	A	A3
OL436289	SRLV	A	-
OL436290	SRLV	A	-
OL436291	SRLV	A	-
OL436292	SRLV	A	-
OL436293	SRLV	A	-
OL436294	SRLV	A	A3
OL436295	SRLV	A	A3
OL436299	SRLV	A	-
OL436301	SRLV	BC	B2
OL436302	SRLV	A	A3
OM517045	SRLV	A	-
OM517046	SRLV	A	A1
OM517047	SRLV	A	A1
OM517048	SRLV	A	-
OM517049	SRLV	A	A1
OM517050	SRLV	A	-
OM517051	SRLV	A	-
OM517052	SRLV	A	-
OM517053	SRLV	A	-
OM517054	SRLV	A	-
OM517055	SRLV	A	-
OM517056	SRLV	A	A3
OM517057	SRLV	A	A1
OM517058	SRLV	A	A1
OM517059	SRLV	A	A1
OM517060	SRLV	A	A1
OM517061	SRLV	A	A1
OM517062	SRLV	A	A1
OM517063	SRLV	A	A1
OM517064	SRLV	A	A1
OM517065	SRLV	A	A1
OM517066	SRLV	A	A1
OM517067	SRLV	A	A1
OM517068	SRLV	A	A1
OM517069	SRLV	A	A1
OM517070	SRLV	A	A1
OM517071	SRLV	A	A1
OM517072	SRLV	A	A1
OM517073	SRLV	A	A1
OM517074	SRLV	A	A1
OM517075	SRLV	A	A1
OM517076	SRLV	A	A1
OM517077	SRLV	A	A1
OM517078	SRLV	A	A1
OM517079	SRLV	A	A1
OM517080	SRLV	A	-
OM517081	SRLV	A	-
OM517082	SRLV	A	-
OM517083	SRLV	A	-
OM517084	SRLV	A	-
OM517087	SRLV	A	-
OM517088	SRLV	A	-
OM517089	SRLV	A	-
OM517090	SRLV	A	-
OM517091	SRLV	A	-
OM517093	SRLV	A	-
OM517095	SRLV	-	-
OM517096	SRLV	-	-
OM517097	SRLV	-	-
OM517098	SRLV	-	-
OM517099	SRLV	-	-
OM517100	SRLV	-	-
OM517101	SRLV	-	-
OM517102	SRLV	-	-
OM517103	SRLV	-	-
OM517104	SRLV	-	-
OM517105	SRLV	-	-
OM517106	SRLV	-	-
OM517107	SRLV	-	-
OM517108	SRLV	-	-
OM517109	SRLV	-	-
OM517110	SRLV	-	-
OM517111	SRLV	-	-
OM517112	SRLV	-	-
OM517113	SRLV	-	-
OM517114	SRLV	-	-
OM517115	SRLV	-	-
OM517116	SRLV	-	-
OM517117	SRLV	-	-
OM517118	SRLV	-	-
OM517119	SRLV	-	-
OM517120	SRLV	-	-
OM517121	SRLV	-	-
OM517122	SRLV	-	-
OM517123	SRLV	-	-
OM517124	SRLV	-	-
OM517125	SRLV	-	-
OM517126	SRLV	-	-
OM517127	SRLV	-	-
S55323	SRLV	A	A1
U35674	SRLV	BC	B2
U35675	SRLV	BC	B2
U35676	SRLV	BC	-
U35677	SRLV	BC	B2
U35678	SRLV	BC	B2
U35679	SRLV	BC	B2
U35680	SRLV	BC	B2
U35681	SRLV	BC	B2
U35795	SRLV	BC	B2
U35796	SRLV	A	-
U35798	SRLV	BC	B2
U35799	SRLV	BC	B2
U35800	SRLV	BC	B2
U35801	SRLV	BC	B2
U35804	SRLV	A	A1
U35811	SRLV	BC	B1
U35857	SRLV	BC	B2
U51910	SRLV	A	A1
U57506	SRLV	BC	B1
U57507	SRLV	BC	B1
U57508	SRLV	BC	B1
U57509	SRLV	BC	B1
U63532	SRLV	A	A3
U63651	SRLV	A	A3
U64439	SRLV	A	A3
X54379	SRLV	A	A1
X64109	SRLV	BC	B1
X64828	SRLV	-	-
