taxon	sequenceID	pubmed_id	source	name	isolate	country	subtype	genotype	collection_year
alignment/AL_SRLV_A/member/ncbi-nuccore-srlv/A15114	A15114	-	ncbi-nuccore-srlv	SRLV	-	-	1	A	-
alignment/AL_SRLV_A/member/ncbi-nuccore-srlv/AB818536	AB818536	24141278	ncbi-nuccore-srlv	SRLV	Iwate	Japan	3	A	-
alignment/AL_SRLV_A/member/ncbi-refseqs-srlv/AF479638	AF479638	15284480	ncbi-refseqs-srlv	SRLV	P1OLV	Portugal	1	A	1996
alignment/AL_SRLV_A/member/ncbi-nuccore-srlv/AY101611	AY101611	-	ncbi-nuccore-srlv	SRLV	85/34	USA	3	A	-
alignment/AL_SRLV_A/member/ncbi-nuccore-srlv/AY265455	AY265455	15778023	ncbi-nuccore-srlv	SRLV	It-561	Italy	1	A	1991
alignment/AL_SRLV_A/member/ncbi-nuccore-srlv/AY265456	AY265456	15778023	ncbi-nuccore-srlv	SRLV	It-Pi1	Italy	2	A	1991
alignment/AL_SRLV_A/member/ncbi-refseqs-srlv/AY445885	AY445885	14967484	ncbi-refseqs-srlv	SRLV	-	Switzerland	4	A	1999
alignment/AL_SRLV_A/member/ncbi-nuccore-srlv/EU010123	EU010123	18024912	ncbi-nuccore-srlv	SRLV	It-017.16g03	Italy	1	A	2006
alignment/AL_SRLV_A/member/ncbi-nuccore-srlv/EU010125	EU010125	18024912	ncbi-nuccore-srlv	SRLV	It-008g03	Italy	8	A	2006
alignment/AL_SRLV_A/member/ncbi-nuccore-srlv/GQ255385	GQ255385	20016044	ncbi-nuccore-srlv	SRLV	18.4	United States	3	A	2004
alignment/AL_SRLV_A/member/ncbi-nuccore-srlv/GQ255386	GQ255386	20016044	ncbi-nuccore-srlv	SRLV	27.1_(June)	United States	3	A	2004
alignment/AL_SRLV_A/member/ncbi-nuccore-srlv/GQ255391	GQ255391	20016044	ncbi-nuccore-srlv	SRLV	68.2	United States	3	A	2004
alignment/AL_SRLV_A/member/ncbi-nuccore-srlv/GQ255401	GQ255401	20016044	ncbi-nuccore-srlv	SRLV	76.4	United States	3	A	2004
alignment/AL_SRLV_A/member/ncbi-nuccore-srlv/GQ255403	GQ255403	20016044	ncbi-nuccore-srlv	SRLV	83.1	United States	3	A	2004
alignment/AL_SRLV_A/member/ncbi-nuccore-srlv/GQ255411	GQ255411	20016044	ncbi-nuccore-srlv	SRLV	89.1_(20AUG)	United States	3	A	2004
alignment/AL_SRLV_A/member/ncbi-nuccore-srlv/GQ255417	GQ255417	20016044	ncbi-nuccore-srlv	SRLV	99.1	United States	3	A	2004
alignment/AL_SRLV_A/member/ncbi-nuccore-srlv/GQ255423	GQ255423	20016044	ncbi-nuccore-srlv	SRLV	101.1	United States	3	A	2004
alignment/AL_SRLV_A/member/ncbi-nuccore-srlv/GQ255428	GQ255428	20016044	ncbi-nuccore-srlv	SRLV	10.1	United States	3	A	2004
alignment/AL_SRLV_A/member/ncbi-nuccore-srlv/GQ255433	GQ255433	20016044	ncbi-nuccore-srlv	SRLV	WLC-1.1	United States	3	A	2008
alignment/AL_SRLV_A/member/ncbi-nuccore-srlv/HQ158132	HQ158132	21639904	ncbi-nuccore-srlv	SRLV	O16A-27	Canada	3	A	2004
alignment/AL_SRLV_A/member/ncbi-nuccore-srlv/HQ158133	HQ158133	21639904	ncbi-nuccore-srlv	SRLV	O23F-17	Canada	3	A	2004
alignment/AL_SRLV_A/member/ncbi-nuccore-srlv/HQ158134	HQ158134	21639904	ncbi-nuccore-srlv	SRLV	O23F-18	Canada	3	A	2004
alignment/AL_SRLV_A/member/ncbi-nuccore-srlv/HQ158135	HQ158135	21639904	ncbi-nuccore-srlv	SRLV	O23117	Canada	3	A	2004
alignment/AL_SRLV_A/member/ncbi-nuccore-srlv/HQ158136	HQ158136	21639904	ncbi-nuccore-srlv	SRLV	O5A-34	Canada	3	A	2004
alignment/AL_SRLV_A/member/ncbi-refseqs-srlv/HQ848062	HQ848062	21940116	ncbi-refseqs-srlv	SRLV	697	Spain	4	A	2005
alignment/AL_SRLV_A/member/ncbi-nuccore-srlv/JN184351	JN184351	23375019	ncbi-nuccore-srlv	SRLV	72	Spain	4	A	2005
alignment/AL_SRLV_A/member/ncbi-nuccore-srlv/JN184352	JN184352	23375019	ncbi-nuccore-srlv	SRLV	160	Spain	4	A	2005
alignment/AL_SRLV_A/member/ncbi-nuccore-srlv/JN184353	JN184353	23375019	ncbi-nuccore-srlv	SRLV	166	Spain	4	A	2005
alignment/AL_SRLV_A/member/ncbi-nuccore-srlv/JN184354	JN184354	23375019	ncbi-nuccore-srlv	SRLV	292	Spain	4	A	2005
alignment/AL_SRLV_A/member/ncbi-nuccore-srlv/JN184355	JN184355	23375019	ncbi-nuccore-srlv	SRLV	333	Spain	4	A	2005
alignment/AL_SRLV_A/member/ncbi-nuccore-srlv/JN184356	JN184356	23375019	ncbi-nuccore-srlv	SRLV	336	Spain	4	A	2005
alignment/AL_SRLV_A/member/ncbi-nuccore-srlv/JN184357	JN184357	23375019	ncbi-nuccore-srlv	SRLV	358	Spain	4	A	2005
alignment/AL_SRLV_A/member/ncbi-nuccore-srlv/JN184358	JN184358	23375019	ncbi-nuccore-srlv	SRLV	368	Spain	4	A	2005
alignment/AL_SRLV_A/member/ncbi-nuccore-srlv/JN184359	JN184359	23375019	ncbi-nuccore-srlv	SRLV	698	Spain	4	A	2005
alignment/AL_SRLV_A/member/ncbi-nuccore-srlv/KC155690	KC155690	23583225	ncbi-nuccore-srlv	SRLV	7-29Ont	Canada	3	A	2011
alignment/AL_SRLV_A/member/ncbi-nuccore-srlv/KC155691	KC155691	23583225	ncbi-nuccore-srlv	SRLV	7-30Ont	Canada	3	A	2011
alignment/AL_SRLV_A/member/ncbi-nuccore-srlv/KC155692	KC155692	23583225	ncbi-nuccore-srlv	SRLV	7-34Ont	Canada	3	A	2011
alignment/AL_SRLV_A/member/ncbi-nuccore-srlv/KC155693	KC155693	23583225	ncbi-nuccore-srlv	SRLV	7-35Ont	Canada	3	A	2011
alignment/AL_SRLV_A/member/ncbi-nuccore-srlv/KC155694	KC155694	23583225	ncbi-nuccore-srlv	SRLV	7-38Ont	Canada	3	A	2011
alignment/AL_SRLV_A/member/ncbi-nuccore-srlv/KC155695	KC155695	23583225	ncbi-nuccore-srlv	SRLV	8-1Ont	Canada	3	A	2011
alignment/AL_SRLV_A/member/ncbi-nuccore-srlv/KC155696	KC155696	23583225	ncbi-nuccore-srlv	SRLV	8-2Ont	Canada	3	A	2011
alignment/AL_SRLV_A/member/ncbi-nuccore-srlv/KC155697	KC155697	23583225	ncbi-nuccore-srlv	SRLV	9-1Ont	Canada	3	A	2011
alignment/AL_SRLV_A/member/ncbi-nuccore-srlv/KC155698	KC155698	23583225	ncbi-nuccore-srlv	SRLV	9-2Ont	Canada	3	A	2011
alignment/AL_SRLV_A/member/ncbi-nuccore-srlv/KC155699	KC155699	23583225	ncbi-nuccore-srlv	SRLV	9-3Ont	Canada	3	A	2011
alignment/AL_SRLV_A/member/ncbi-nuccore-srlv/KC155700	KC155700	23583225	ncbi-nuccore-srlv	SRLV	9-4Ont	Canada	3	A	2011
alignment/AL_SRLV_A/member/ncbi-nuccore-srlv/KC155701	KC155701	23583225	ncbi-nuccore-srlv	SRLV	9-5Ont	Canada	3	A	2011
alignment/AL_SRLV_A/member/ncbi-nuccore-srlv/KC155702	KC155702	23583225	ncbi-nuccore-srlv	SRLV	9-6Ont	Canada	3	A	2011
alignment/AL_SRLV_A/member/ncbi-nuccore-srlv/KC155703	KC155703	23583225	ncbi-nuccore-srlv	SRLV	9-7Ont	Canada	3	A	2011
alignment/AL_SRLV_A/member/ncbi-nuccore-srlv/KC155704	KC155704	23583225	ncbi-nuccore-srlv	SRLV	9-8Ont	Canada	3	A	2011
alignment/AL_SRLV_A/member/ncbi-nuccore-srlv/KC155705	KC155705	23583225	ncbi-nuccore-srlv	SRLV	9-9Ont	Canada	3	A	2011
alignment/AL_SRLV_A/member/ncbi-nuccore-srlv/KC155706	KC155706	23583225	ncbi-nuccore-srlv	SRLV	9-10Ont	Canada	3	A	2011
alignment/AL_SRLV_A/member/ncbi-nuccore-srlv/KC155707	KC155707	23583225	ncbi-nuccore-srlv	SRLV	9-14Ont	Canada	3	A	2011
alignment/AL_SRLV_A/member/ncbi-nuccore-srlv/KC155708	KC155708	23583225	ncbi-nuccore-srlv	SRLV	9-16Ont	Canada	3	A	2011
alignment/AL_SRLV_A/member/ncbi-nuccore-srlv/KC155709	KC155709	23583225	ncbi-nuccore-srlv	SRLV	9-17Ont	Canada	3	A	2011
alignment/AL_SRLV_A/member/ncbi-nuccore-srlv/KC155710	KC155710	23583225	ncbi-nuccore-srlv	SRLV	9-18Ont	Canada	3	A	2011
alignment/AL_SRLV_A/member/ncbi-nuccore-srlv/KC155711	KC155711	23583225	ncbi-nuccore-srlv	SRLV	9-20Ont	Canada	3	A	2011
alignment/AL_SRLV_A/member/ncbi-nuccore-srlv/KC155712	KC155712	23583225	ncbi-nuccore-srlv	SRLV	9-21Ont	Canada	3	A	2011
alignment/AL_SRLV_A/member/ncbi-nuccore-srlv/KC155713	KC155713	23583225	ncbi-nuccore-srlv	SRLV	9-22Ont	Canada	3	A	2011
alignment/AL_SRLV_A/member/ncbi-nuccore-srlv/KC155714	KC155714	23583225	ncbi-nuccore-srlv	SRLV	9-23Ont	Canada	3	A	2011
alignment/AL_SRLV_A/member/ncbi-nuccore-srlv/KC155715	KC155715	23583225	ncbi-nuccore-srlv	SRLV	9-25Ont	Canada	3	A	2011
alignment/AL_SRLV_A/member/ncbi-nuccore-srlv/KC155716	KC155716	23583225	ncbi-nuccore-srlv	SRLV	9-26Ont	Canada	3	A	2011
alignment/AL_SRLV_A/member/ncbi-nuccore-srlv/KC155717	KC155717	23583225	ncbi-nuccore-srlv	SRLV	9-27Ont	Canada	3	A	2011
alignment/AL_SRLV_A/member/ncbi-nuccore-srlv/KC155718	KC155718	23583225	ncbi-nuccore-srlv	SRLV	9-28Ont	Canada	3	A	2011
alignment/AL_SRLV_A/member/ncbi-nuccore-srlv/KC155719	KC155719	23583225	ncbi-nuccore-srlv	SRLV	9-29Ont	Canada	3	A	2011
alignment/AL_SRLV_A/member/ncbi-nuccore-srlv/KC155720	KC155720	23583225	ncbi-nuccore-srlv	SRLV	9-30Ont	Canada	3	A	2011
alignment/AL_SRLV_A/member/ncbi-nuccore-srlv/KC155721	KC155721	23583225	ncbi-nuccore-srlv	SRLV	11-1Ont	Canada	3	A	2011
alignment/AL_SRLV_A/member/ncbi-nuccore-srlv/KC155722	KC155722	23583225	ncbi-nuccore-srlv	SRLV	11-2Ont	Canada	3	A	2011
alignment/AL_SRLV_A/member/ncbi-nuccore-srlv/KC155723	KC155723	23583225	ncbi-nuccore-srlv	SRLV	11-4Ont	Canada	3	A	2011
alignment/AL_SRLV_A/member/ncbi-nuccore-srlv/KC155724	KC155724	23583225	ncbi-nuccore-srlv	SRLV	11-12Ont	Canada	3	A	2011
alignment/AL_SRLV_A/member/ncbi-nuccore-srlv/KC155725	KC155725	23583225	ncbi-nuccore-srlv	SRLV	11-13	Canada	3	A	2011
alignment/AL_SRLV_A/member/ncbi-nuccore-srlv/KC155726	KC155726	23583225	ncbi-nuccore-srlv	SRLV	11-16	Canada	3	A	2011
alignment/AL_SRLV_A/member/ncbi-nuccore-srlv/KC155727	KC155727	23583225	ncbi-nuccore-srlv	SRLV	11-19	Canada	3	A	2011
alignment/AL_SRLV_A/member/ncbi-nuccore-srlv/KC155728	KC155728	23583225	ncbi-nuccore-srlv	SRLV	11-22	Canada	3	A	2011
alignment/AL_SRLV_A/member/ncbi-nuccore-srlv/KC155729	KC155729	23583225	ncbi-nuccore-srlv	SRLV	11-23	Canada	3	A	2011
alignment/AL_SRLV_A/member/ncbi-nuccore-srlv/KC155730	KC155730	23583225	ncbi-nuccore-srlv	SRLV	11-24	Canada	3	A	2011
alignment/AL_SRLV_A/member/ncbi-nuccore-srlv/KC155731	KC155731	23583225	ncbi-nuccore-srlv	SRLV	11-25	Canada	3	A	2011
alignment/AL_SRLV_A/member/ncbi-nuccore-srlv/KC155732	KC155732	23583225	ncbi-nuccore-srlv	SRLV	11-26	Canada	3	A	2011
alignment/AL_SRLV_A/member/ncbi-nuccore-srlv/KC155733	KC155733	23583225	ncbi-nuccore-srlv	SRLV	11-27	Canada	3	A	2011
alignment/AL_SRLV_A/member/ncbi-nuccore-srlv/KC155734	KC155734	23583225	ncbi-nuccore-srlv	SRLV	11-28	Canada	3	A	2011
alignment/AL_SRLV_A/member/ncbi-nuccore-srlv/KC155735	KC155735	23583225	ncbi-nuccore-srlv	SRLV	11-31	Canada	3	A	2011
alignment/AL_SRLV_A/member/ncbi-nuccore-srlv/KC155736	KC155736	23583225	ncbi-nuccore-srlv	SRLV	11-32	Canada	3	A	2011
alignment/AL_SRLV_A/member/ncbi-nuccore-srlv/KC155737	KC155737	23583225	ncbi-nuccore-srlv	SRLV	11-36	Canada	3	A	2011
alignment/AL_SRLV_A/member/ncbi-nuccore-srlv/KC155738	KC155738	23583225	ncbi-nuccore-srlv	SRLV	11-37	Canada	3	A	2011
alignment/AL_SRLV_A/member/ncbi-nuccore-srlv/KC155739	KC155739	23583225	ncbi-nuccore-srlv	SRLV	11-39	Canada	3	A	2011
alignment/AL_SRLV_A/member/ncbi-nuccore-srlv/KC155740	KC155740	23583225	ncbi-nuccore-srlv	SRLV	11-42	Canada	3	A	2011
alignment/AL_SRLV_A/member/ncbi-nuccore-srlv/KC155741	KC155741	23583225	ncbi-nuccore-srlv	SRLV	11-43	Canada	3	A	2011
alignment/AL_SRLV_A/member/ncbi-nuccore-srlv/KC155742	KC155742	23583225	ncbi-nuccore-srlv	SRLV	11-44	Canada	3	A	2011
alignment/AL_SRLV_A/member/ncbi-nuccore-srlv/KC155743	KC155743	23583225	ncbi-nuccore-srlv	SRLV	11-45	Canada	3	A	2011
alignment/AL_SRLV_A/member/ncbi-nuccore-srlv/KC155744	KC155744	23583225	ncbi-nuccore-srlv	SRLV	11-46	Canada	3	A	2011
alignment/AL_SRLV_A/member/ncbi-nuccore-srlv/KC155745	KC155745	23583225	ncbi-nuccore-srlv	SRLV	11-47	Canada	3	A	2011
alignment/AL_SRLV_A/member/ncbi-nuccore-srlv/KC155746	KC155746	23583225	ncbi-nuccore-srlv	SRLV	11-48	Canada	3	A	2011
alignment/AL_SRLV_A/member/ncbi-nuccore-srlv/KC155747	KC155747	23583225	ncbi-nuccore-srlv	SRLV	11-49	Canada	3	A	2011
alignment/AL_SRLV_A/member/ncbi-nuccore-srlv/KC155748	KC155748	23583225	ncbi-nuccore-srlv	SRLV	1-5	Canada	3	A	2011
alignment/AL_SRLV_A/member/ncbi-nuccore-srlv/KC155749	KC155749	23583225	ncbi-nuccore-srlv	SRLV	1-6	Canada	3	A	2011
alignment/AL_SRLV_A/member/ncbi-nuccore-srlv/KC155750	KC155750	23583225	ncbi-nuccore-srlv	SRLV	1-7	Canada	3	A	2011
alignment/AL_SRLV_A/member/ncbi-nuccore-srlv/KC155751	KC155751	23583225	ncbi-nuccore-srlv	SRLV	1-8	Canada	3	A	2011
alignment/AL_SRLV_A/member/ncbi-nuccore-srlv/KC155752	KC155752	23583225	ncbi-nuccore-srlv	SRLV	1-11	Canada	3	A	2011
alignment/AL_SRLV_A/member/ncbi-nuccore-srlv/KC155753	KC155753	23583225	ncbi-nuccore-srlv	SRLV	1-16	Canada	3	A	2011
alignment/AL_SRLV_A/member/ncbi-nuccore-srlv/KC155754	KC155754	23583225	ncbi-nuccore-srlv	SRLV	1-17	Canada	3	A	2011
alignment/AL_SRLV_A/member/ncbi-nuccore-srlv/KC155755	KC155755	23583225	ncbi-nuccore-srlv	SRLV	1-18	Canada	3	A	2011
alignment/AL_SRLV_A/member/ncbi-nuccore-srlv/KC155756	KC155756	23583225	ncbi-nuccore-srlv	SRLV	1-19	Canada	3	A	2011
alignment/AL_SRLV_A/member/ncbi-nuccore-srlv/KC155757	KC155757	23583225	ncbi-nuccore-srlv	SRLV	1-21	Canada	3	A	2011
alignment/AL_SRLV_A/member/ncbi-nuccore-srlv/KC155758	KC155758	23583225	ncbi-nuccore-srlv	SRLV	1-23	Canada	3	A	2011
alignment/AL_SRLV_A/member/ncbi-nuccore-srlv/KC155759	KC155759	23583225	ncbi-nuccore-srlv	SRLV	1-32	Canada	3	A	2011
alignment/AL_SRLV_A/member/ncbi-nuccore-srlv/KC155760	KC155760	23583225	ncbi-nuccore-srlv	SRLV	3-1	Canada	3	A	2011
alignment/AL_SRLV_A/member/ncbi-nuccore-srlv/KC155761	KC155761	23583225	ncbi-nuccore-srlv	SRLV	3-2	Canada	3	A	2011
alignment/AL_SRLV_A/member/ncbi-nuccore-srlv/KC155762	KC155762	23583225	ncbi-nuccore-srlv	SRLV	3-4	Canada	3	A	2011
alignment/AL_SRLV_A/member/ncbi-nuccore-srlv/KC155763	KC155763	23583225	ncbi-nuccore-srlv	SRLV	3-7	Canada	3	A	2011
alignment/AL_SRLV_A/member/ncbi-nuccore-srlv/KC155764	KC155764	23583225	ncbi-nuccore-srlv	SRLV	3-8	Canada	3	A	2011
alignment/AL_SRLV_A/member/ncbi-nuccore-srlv/KC155765	KC155765	23583225	ncbi-nuccore-srlv	SRLV	3-13	Canada	3	A	2011
alignment/AL_SRLV_A/member/ncbi-nuccore-srlv/KC155766	KC155766	23583225	ncbi-nuccore-srlv	SRLV	3-14	Canada	3	A	2011
alignment/AL_SRLV_A/member/ncbi-nuccore-srlv/KC155767	KC155767	23583225	ncbi-nuccore-srlv	SRLV	3-17	Canada	3	A	2011
alignment/AL_SRLV_A/member/ncbi-nuccore-srlv/KC155768	KC155768	23583225	ncbi-nuccore-srlv	SRLV	3-19	Canada	3	A	2011
alignment/AL_SRLV_A/member/ncbi-nuccore-srlv/KC155769	KC155769	23583225	ncbi-nuccore-srlv	SRLV	3-21	Canada	3	A	2011
alignment/AL_SRLV_A/member/ncbi-nuccore-srlv/KC155770	KC155770	23583225	ncbi-nuccore-srlv	SRLV	3-20	Canada	3	A	2011
alignment/AL_SRLV_A/member/ncbi-nuccore-srlv/KC155771	KC155771	23583225	ncbi-nuccore-srlv	SRLV	3-24	Canada	3	A	2011
alignment/AL_SRLV_A/member/ncbi-nuccore-srlv/KC155772	KC155772	23583225	ncbi-nuccore-srlv	SRLV	3-25	Canada	3	A	2011
alignment/AL_SRLV_A/member/ncbi-nuccore-srlv/KC155773	KC155773	23583225	ncbi-nuccore-srlv	SRLV	3-26	Canada	3	A	2011
alignment/AL_SRLV_A/member/ncbi-nuccore-srlv/KC155774	KC155774	23583225	ncbi-nuccore-srlv	SRLV	3-28	Canada	3	A	2011
alignment/AL_SRLV_A/member/ncbi-nuccore-srlv/KC155775	KC155775	23583225	ncbi-nuccore-srlv	SRLV	3-29	Canada	3	A	2011
alignment/AL_SRLV_A/member/ncbi-nuccore-srlv/KC155776	KC155776	23583225	ncbi-nuccore-srlv	SRLV	3-33	Canada	3	A	2011
alignment/AL_SRLV_A/member/ncbi-nuccore-srlv/KC155777	KC155777	23583225	ncbi-nuccore-srlv	SRLV	3-34	Canada	3	A	2011
alignment/AL_SRLV_A/member/ncbi-nuccore-srlv/KC155778	KC155778	23583225	ncbi-nuccore-srlv	SRLV	3-38	Canada	3	A	2011
alignment/AL_SRLV_A/member/ncbi-nuccore-srlv/KC155779	KC155779	23583225	ncbi-nuccore-srlv	SRLV	3-40	Canada	3	A	2011
alignment/AL_SRLV_A/member/ncbi-nuccore-srlv/KC155780	KC155780	23583225	ncbi-nuccore-srlv	SRLV	5-1	Canada	3	A	2011
alignment/AL_SRLV_A/member/ncbi-nuccore-srlv/KC155781	KC155781	23583225	ncbi-nuccore-srlv	SRLV	5-2	Canada	3	A	2011
alignment/AL_SRLV_A/member/ncbi-nuccore-srlv/KC155782	KC155782	23583225	ncbi-nuccore-srlv	SRLV	5-3	Canada	3	A	2011
alignment/AL_SRLV_A/member/ncbi-nuccore-srlv/KC155783	KC155783	23583225	ncbi-nuccore-srlv	SRLV	5-4	Canada	3	A	2011
alignment/AL_SRLV_A/member/ncbi-nuccore-srlv/KC155784	KC155784	23583225	ncbi-nuccore-srlv	SRLV	5-5	Canada	3	A	2011
alignment/AL_SRLV_A/member/ncbi-nuccore-srlv/KC155785	KC155785	23583225	ncbi-nuccore-srlv	SRLV	5-6	Canada	3	A	2011
alignment/AL_SRLV_A/member/ncbi-nuccore-srlv/KC155786	KC155786	23583225	ncbi-nuccore-srlv	SRLV	5-8	Canada	3	A	2011
alignment/AL_SRLV_A/member/ncbi-nuccore-srlv/KC155787	KC155787	23583225	ncbi-nuccore-srlv	SRLV	5-9	Canada	3	A	2011
alignment/AL_SRLV_A/member/ncbi-nuccore-srlv/KC155788	KC155788	23583225	ncbi-nuccore-srlv	SRLV	6-1	Canada	3	A	2011
alignment/AL_SRLV_A/member/ncbi-nuccore-srlv/KC155789	KC155789	23583225	ncbi-nuccore-srlv	SRLV	6-2	Canada	3	A	2011
alignment/AL_SRLV_A/member/ncbi-nuccore-srlv/KC155790	KC155790	23583225	ncbi-nuccore-srlv	SRLV	6-3	Canada	3	A	2011
alignment/AL_SRLV_A/member/ncbi-nuccore-srlv/KC155791	KC155791	23583225	ncbi-nuccore-srlv	SRLV	6-4	Canada	3	A	2011
alignment/AL_SRLV_A/member/ncbi-nuccore-srlv/KC155792	KC155792	23583225	ncbi-nuccore-srlv	SRLV	6-5	Canada	3	A	2011
alignment/AL_SRLV_A/member/ncbi-nuccore-srlv/KC155793	KC155793	23583225	ncbi-nuccore-srlv	SRLV	6-6	Canada	3	A	2011
alignment/AL_SRLV_A/member/ncbi-nuccore-srlv/KC155794	KC155794	23583225	ncbi-nuccore-srlv	SRLV	6-8	Canada	3	A	2011
alignment/AL_SRLV_A/member/ncbi-nuccore-srlv/KC155795	KC155795	23583225	ncbi-nuccore-srlv	SRLV	6-9	Canada	3	A	2011
alignment/AL_SRLV_A/member/ncbi-nuccore-srlv/KC155796	KC155796	23583225	ncbi-nuccore-srlv	SRLV	6-10	Canada	3	A	2011
alignment/AL_SRLV_A/member/ncbi-nuccore-srlv/KC155797	KC155797	23583225	ncbi-nuccore-srlv	SRLV	6-11	Canada	3	A	2011
alignment/AL_SRLV_A/member/ncbi-nuccore-srlv/KC155798	KC155798	23583225	ncbi-nuccore-srlv	SRLV	6-13	Canada	3	A	2011
alignment/AL_SRLV_A/member/ncbi-nuccore-srlv/KC155799	KC155799	23583225	ncbi-nuccore-srlv	SRLV	6-14	Canada	3	A	2011
alignment/AL_SRLV_A/member/ncbi-nuccore-srlv/KC155800	KC155800	23583225	ncbi-nuccore-srlv	SRLV	6-15	Canada	3	A	2011
alignment/AL_SRLV_A/member/ncbi-nuccore-srlv/KC155801	KC155801	23583225	ncbi-nuccore-srlv	SRLV	6-16	Canada	3	A	2011
alignment/AL_SRLV_A/member/ncbi-nuccore-srlv/KC155802	KC155802	23583225	ncbi-nuccore-srlv	SRLV	6-17	Canada	3	A	2011
alignment/AL_SRLV_A/member/ncbi-nuccore-srlv/KC155803	KC155803	23583225	ncbi-nuccore-srlv	SRLV	6-18	Canada	3	A	2011
alignment/AL_SRLV_A/member/ncbi-nuccore-srlv/KC155804	KC155804	23583225	ncbi-nuccore-srlv	SRLV	6-19	Canada	3	A	2011
alignment/AL_SRLV_A/member/ncbi-nuccore-srlv/KC155805	KC155805	23583225	ncbi-nuccore-srlv	SRLV	6-20	Canada	3	A	2011
alignment/AL_SRLV_A/member/ncbi-nuccore-srlv/KC155806	KC155806	23583225	ncbi-nuccore-srlv	SRLV	7-6	Canada	3	A	2011
alignment/AL_SRLV_A/member/ncbi-nuccore-srlv/KC155807	KC155807	23583225	ncbi-nuccore-srlv	SRLV	7-8	Canada	3	A	2011
alignment/AL_SRLV_A/member/ncbi-nuccore-srlv/KC155808	KC155808	23583225	ncbi-nuccore-srlv	SRLV	7-9	Canada	3	A	2011
alignment/AL_SRLV_A/member/ncbi-nuccore-srlv/KC155809	KC155809	23583225	ncbi-nuccore-srlv	SRLV	7-10	Canada	3	A	2011
alignment/AL_SRLV_A/member/ncbi-nuccore-srlv/KC155810	KC155810	23583225	ncbi-nuccore-srlv	SRLV	7-11	Canada	3	A	2011
alignment/AL_SRLV_A/member/ncbi-nuccore-srlv/KC155811	KC155811	23583225	ncbi-nuccore-srlv	SRLV	7-12	Canada	3	A	2011
alignment/AL_SRLV_A/member/ncbi-nuccore-srlv/KC155812	KC155812	23583225	ncbi-nuccore-srlv	SRLV	7-13	Canada	3	A	2011
alignment/AL_SRLV_A/member/ncbi-nuccore-srlv/KC155813	KC155813	23583225	ncbi-nuccore-srlv	SRLV	7-18	Canada	3	A	2011
alignment/AL_SRLV_A/member/ncbi-nuccore-srlv/KC155814	KC155814	23583225	ncbi-nuccore-srlv	SRLV	7-20	Canada	3	A	2011
alignment/AL_SRLV_A/member/ncbi-nuccore-srlv/KC155815	KC155815	23583225	ncbi-nuccore-srlv	SRLV	7-21	Canada	3	A	2011
alignment/AL_SRLV_A/member/ncbi-nuccore-srlv/KC155816	KC155816	23583225	ncbi-nuccore-srlv	SRLV	7-23	Canada	3	A	2011
alignment/AL_SRLV_A/member/ncbi-nuccore-srlv/KC155817	KC155817	23583225	ncbi-nuccore-srlv	SRLV	7-25	Canada	3	A	2011
alignment/AL_SRLV_A/member/ncbi-nuccore-srlv/KC155818	KC155818	23583225	ncbi-nuccore-srlv	SRLV	7-26	Canada	3	A	2011
alignment/AL_SRLV_A/member/ncbi-nuccore-srlv/KC155819	KC155819	23583225	ncbi-nuccore-srlv	SRLV	9-31	Canada	3	A	2011
alignment/AL_SRLV_A/member/ncbi-nuccore-srlv/KC197179	KC197179	23811153	ncbi-nuccore-srlv	SRLV	Goat 10-1	Canada	1	A	2011
alignment/AL_SRLV_A/member/ncbi-nuccore-srlv/KC197180	KC197180	23811153	ncbi-nuccore-srlv	SRLV	Goat 10-5	Canada	1	A	2011
alignment/AL_SRLV_A/member/ncbi-nuccore-srlv/KC197181	KC197181	23811153	ncbi-nuccore-srlv	SRLV	Goat 10-6A	Canada	3	A	2011
alignment/AL_SRLV_A/member/ncbi-nuccore-srlv/KC197182	KC197182	23811153	ncbi-nuccore-srlv	SRLV	Sheep 10-11	Canada	3	A	2011
alignment/AL_SRLV_A/member/ncbi-nuccore-srlv/KC197183	KC197183	23811153	ncbi-nuccore-srlv	SRLV	Sheep 10-15	Canada	3	A	2011
alignment/AL_SRLV_A/member/ncbi-nuccore-srlv/KC197184	KC197184	23811153	ncbi-nuccore-srlv	SRLV	Sheep 10-12	Canada	3	A	2011
alignment/AL_SRLV_A/member/ncbi-nuccore-srlv/KC197185	KC197185	23811153	ncbi-nuccore-srlv	SRLV	Sheep 10-13A	Canada	3	A	2011
alignment/AL_SRLV_A/member/ncbi-nuccore-srlv/KC197186	KC197186	23811153	ncbi-nuccore-srlv	SRLV	Sheep 10-16	Canada	3	A	2011
alignment/AL_SRLV_A/member/ncbi-nuccore-srlv/KC197187	KC197187	23811153	ncbi-nuccore-srlv	SRLV	Sheep 10-17	Canada	3	A	2011
alignment/AL_SRLV_A/member/ncbi-nuccore-srlv/KC197191	KC197191	23811153	ncbi-nuccore-srlv	SRLV	Goat 12-7	Canada	3	A	2011
alignment/AL_SRLV_A/member/ncbi-nuccore-srlv/KC197192	KC197192	23811153	ncbi-nuccore-srlv	SRLV	Goat 12-8A	Canada	3	A	2011
alignment/AL_SRLV_A/member/ncbi-nuccore-srlv/KC197194	KC197194	23811153	ncbi-nuccore-srlv	SRLV	Sheep 12-10	Canada	3	A	2011
alignment/AL_SRLV_A/member/ncbi-nuccore-srlv/KC197195	KC197195	23811153	ncbi-nuccore-srlv	SRLV	Sheep 12-11	Canada	3	A	2011
alignment/AL_SRLV_A/member/ncbi-nuccore-srlv/KC197196	KC197196	23811153	ncbi-nuccore-srlv	SRLV	Sheep 12-12	Canada	3	A	2011
alignment/AL_SRLV_A/member/ncbi-nuccore-srlv/KC197197	KC197197	23811153	ncbi-nuccore-srlv	SRLV	Sheep 12-13	Canada	3	A	2011
alignment/AL_SRLV_A/member/ncbi-nuccore-srlv/KC197198	KC197198	23811153	ncbi-nuccore-srlv	SRLV	Sheep 12-15	Canada	3	A	2011
alignment/AL_SRLV_A/member/ncbi-nuccore-srlv/KC197199	KC197199	23811153	ncbi-nuccore-srlv	SRLV	Sheep 12-17	Canada	3	A	2011
alignment/AL_SRLV_A/member/ncbi-nuccore-srlv/KC197200	KC197200	23811153	ncbi-nuccore-srlv	SRLV	Sheep 12-18	Canada	3	A	2011
alignment/AL_SRLV_A/member/ncbi-nuccore-srlv/KJ641269	KJ641269	25462356	ncbi-nuccore-srlv	SRLV	2-17	Canada	3	A	2011
alignment/AL_SRLV_A/member/ncbi-nuccore-srlv/KJ641270	KJ641270	25462356	ncbi-nuccore-srlv	SRLV	2-20	Canada	3	A	2011
alignment/AL_SRLV_A/member/ncbi-nuccore-srlv/KJ641271	KJ641271	25462356	ncbi-nuccore-srlv	SRLV	2-25	Canada	3	A	2011
alignment/AL_SRLV_A/member/ncbi-nuccore-srlv/KJ641272	KJ641272	25462356	ncbi-nuccore-srlv	SRLV	2-23	Canada	3	A	2011
alignment/AL_SRLV_A/member/ncbi-nuccore-srlv/KJ641273	KJ641273	25462356	ncbi-nuccore-srlv	SRLV	2-21	Canada	3	A	2011
alignment/AL_SRLV_A/member/ncbi-nuccore-srlv/KJ641274	KJ641274	25462356	ncbi-nuccore-srlv	SRLV	2-27	Canada	3	A	2011
alignment/AL_SRLV_A/member/ncbi-nuccore-srlv/KJ641275	KJ641275	25462356	ncbi-nuccore-srlv	SRLV	2-24	Canada	3	A	2011
alignment/AL_SRLV_A/member/ncbi-nuccore-srlv/KJ641276	KJ641276	25462356	ncbi-nuccore-srlv	SRLV	2-16	Canada	3	A	2011
alignment/AL_SRLV_A/member/ncbi-nuccore-srlv/KJ641277	KJ641277	25462356	ncbi-nuccore-srlv	SRLV	2-29	Canada	3	A	2011
alignment/AL_SRLV_A/member/ncbi-nuccore-srlv/KJ641278	KJ641278	25462356	ncbi-nuccore-srlv	SRLV	19-6	Canada	3	A	2011
alignment/AL_SRLV_A/member/ncbi-nuccore-srlv/KJ641279	KJ641279	25462356	ncbi-nuccore-srlv	SRLV	7-11	Canada	3	A	2011
alignment/AL_SRLV_A/member/ncbi-nuccore-srlv/KJ641280	KJ641280	25462356	ncbi-nuccore-srlv	SRLV	18-15	Canada	3	A	2011
alignment/AL_SRLV_A/member/ncbi-nuccore-srlv/KJ641281	KJ641281	25462356	ncbi-nuccore-srlv	SRLV	18-10	Canada	3	A	2011
alignment/AL_SRLV_A/member/ncbi-nuccore-srlv/KJ641282	KJ641282	25462356	ncbi-nuccore-srlv	SRLV	18-4	Canada	3	A	2011
alignment/AL_SRLV_A/member/ncbi-nuccore-srlv/KJ641283	KJ641283	25462356	ncbi-nuccore-srlv	SRLV	20-2	Canada	3	A	2011
alignment/AL_SRLV_A/member/ncbi-nuccore-srlv/KJ641284	KJ641284	25462356	ncbi-nuccore-srlv	SRLV	20-8	Canada	3	A	2011
alignment/AL_SRLV_A/member/ncbi-nuccore-srlv/KJ641285	KJ641285	25462356	ncbi-nuccore-srlv	SRLV	7-1	Canada	3	A	2011
alignment/AL_SRLV_A/member/ncbi-nuccore-srlv/KJ641286	KJ641286	25462356	ncbi-nuccore-srlv	SRLV	7-4	Canada	3	A	2011
alignment/AL_SRLV_A/member/ncbi-nuccore-srlv/KJ641287	KJ641287	25462356	ncbi-nuccore-srlv	SRLV	7-6	Canada	3	A	2011
alignment/AL_SRLV_A/member/ncbi-nuccore-srlv/KJ641288	KJ641288	25462356	ncbi-nuccore-srlv	SRLV	7-33	Canada	3	A	2011
alignment/AL_SRLV_A/member/ncbi-nuccore-srlv/KJ641289	KJ641289	25462356	ncbi-nuccore-srlv	SRLV	7-19	Canada	3	A	2011
alignment/AL_SRLV_A/member/ncbi-nuccore-srlv/KJ641290	KJ641290	25462356	ncbi-nuccore-srlv	SRLV	7-8	Canada	3	A	2011
alignment/AL_SRLV_A/member/ncbi-nuccore-srlv/KJ641291	KJ641291	25462356	ncbi-nuccore-srlv	SRLV	7-12	Canada	3	A	2011
alignment/AL_SRLV_A/member/ncbi-nuccore-srlv/KJ641292	KJ641292	25462356	ncbi-nuccore-srlv	SRLV	7-34	Canada	3	A	2011
alignment/AL_SRLV_A/member/ncbi-nuccore-srlv/KJ641293	KJ641293	25462356	ncbi-nuccore-srlv	SRLV	7-32	Canada	3	A	2011
alignment/AL_SRLV_A/member/ncbi-nuccore-srlv/KJ641294	KJ641294	25462356	ncbi-nuccore-srlv	SRLV	20-5	Canada	3	A	2011
alignment/AL_SRLV_A/member/ncbi-nuccore-srlv/KJ641295	KJ641295	25462356	ncbi-nuccore-srlv	SRLV	20-15	Canada	3	A	2011
alignment/AL_SRLV_A/member/ncbi-nuccore-srlv/KJ641296	KJ641296	25462356	ncbi-nuccore-srlv	SRLV	20-6	Canada	3	A	2011
alignment/AL_SRLV_A/member/ncbi-nuccore-srlv/KJ641297	KJ641297	25462356	ncbi-nuccore-srlv	SRLV	7-15	Canada	3	A	2011
alignment/AL_SRLV_A/member/ncbi-nuccore-srlv/KJ641298	KJ641298	25462356	ncbi-nuccore-srlv	SRLV	20-4	Canada	3	A	2011
alignment/AL_SRLV_A/member/ncbi-nuccore-srlv/KJ641299	KJ641299	25462356	ncbi-nuccore-srlv	SRLV	20-3	Canada	3	A	2011
alignment/AL_SRLV_A/member/ncbi-nuccore-srlv/KJ641300	KJ641300	25462356	ncbi-nuccore-srlv	SRLV	20-14	Canada	3	A	2011
alignment/AL_SRLV_A/member/ncbi-nuccore-srlv/KJ641301	KJ641301	25462356	ncbi-nuccore-srlv	SRLV	20-13	Canada	3	A	2011
alignment/AL_SRLV_A/member/ncbi-nuccore-srlv/KJ641302	KJ641302	25462356	ncbi-nuccore-srlv	SRLV	20-11	Canada	3	A	2011
alignment/AL_SRLV_A/member/ncbi-nuccore-srlv/KJ641303	KJ641303	25462356	ncbi-nuccore-srlv	SRLV	20-12	Canada	3	A	2011
alignment/AL_SRLV_A/member/ncbi-nuccore-srlv/KJ641304	KJ641304	25462356	ncbi-nuccore-srlv	SRLV	7-35	Canada	3	A	2011
alignment/AL_SRLV_A/member/ncbi-nuccore-srlv/KJ641305	KJ641305	25462356	ncbi-nuccore-srlv	SRLV	7-36	Canada	3	A	2011
alignment/AL_SRLV_A/member/ncbi-nuccore-srlv/KJ641306	KJ641306	25462356	ncbi-nuccore-srlv	SRLV	6-3	Canada	3	A	2011
alignment/AL_SRLV_A/member/ncbi-nuccore-srlv/KJ641307	KJ641307	25462356	ncbi-nuccore-srlv	SRLV	21-M7	Canada	3	A	2011
alignment/AL_SRLV_A/member/ncbi-nuccore-srlv/KJ641308	KJ641308	25462356	ncbi-nuccore-srlv	SRLV	21-M5	Canada	3	A	2011
alignment/AL_SRLV_A/member/ncbi-nuccore-srlv/KJ641309	KJ641309	25462356	ncbi-nuccore-srlv	SRLV	21-M4	Canada	3	A	2011
alignment/AL_SRLV_A/member/ncbi-nuccore-srlv/KJ641310	KJ641310	25462356	ncbi-nuccore-srlv	SRLV	21-M8	Canada	3	A	2011
alignment/AL_SRLV_A/member/ncbi-nuccore-srlv/KJ641361	KJ641361	25462356	ncbi-nuccore-srlv	SRLV	3-27	Canada	1	A	2011
alignment/AL_SRLV_A/member/ncbi-nuccore-srlv/KJ641362	KJ641362	25462356	ncbi-nuccore-srlv	SRLV	3-28	Canada	1	A	2011
alignment/AL_SRLV_A/member/ncbi-nuccore-srlv/KJ641363	KJ641363	25462356	ncbi-nuccore-srlv	SRLV	8-14	Canada	1	A	2011
alignment/AL_SRLV_A/member/ncbi-nuccore-srlv/KJ641364	KJ641364	25462356	ncbi-nuccore-srlv	SRLV	8-1	Canada	1	A	2011
alignment/AL_SRLV_A/member/ncbi-nuccore-srlv/KJ641365	KJ641365	25462356	ncbi-nuccore-srlv	SRLV	11-5	Canada	1	A	2011
alignment/AL_SRLV_A/member/ncbi-nuccore-srlv/KJ641366	KJ641366	25462356	ncbi-nuccore-srlv	SRLV	11-12	Canada	1	A	2011
alignment/AL_SRLV_A/member/ncbi-nuccore-srlv/KJ641367	KJ641367	25462356	ncbi-nuccore-srlv	SRLV	13-13	Canada	1	A	2011
alignment/AL_SRLV_A/member/ncbi-nuccore-srlv/KJ641368	KJ641368	25462356	ncbi-nuccore-srlv	SRLV	11-20	Canada	1	A	2011
alignment/AL_SRLV_A/member/ncbi-nuccore-srlv/KJ641369	KJ641369	25462356	ncbi-nuccore-srlv	SRLV	11-15	Canada	1	A	2011
alignment/AL_SRLV_A/member/ncbi-nuccore-srlv/KJ641370	KJ641370	25462356	ncbi-nuccore-srlv	SRLV	11-4	Canada	1	A	2011
alignment/AL_SRLV_A/member/ncbi-nuccore-srlv/KR011757	KR011757	-	ncbi-nuccore-srlv	SRLV	Sichuan	China	3	A	1992
alignment/AL_SRLV_A/member/ncbi-refseqs-srlv/KT453988	KT453988	26517396	ncbi-refseqs-srlv	SRLV	g6221	Switzerland	4	A	2011
alignment/AL_SRLV_A/member/ncbi-refseqs-srlv/KT453989	KT453989	26517396	ncbi-refseqs-srlv	SRLV	s7385	Switzerland	4	A	2011
alignment/AL_SRLV_A/member/ncbi-refseqs-srlv/KT453990	KT453990	26517396	ncbi-refseqs-srlv	SRLV	s7631	Switzerland	4	A	2011
alignment/AL_SRLV_A/member/ncbi-refseqs-srlv/KT898826	KT898826	-	ncbi-refseqs-srlv	SRLV	Jord1	Jordan	0	A	2007
alignment/AL_SRLV_A/member/ncbi-nuccore-srlv/KT921318	KT921318	-	ncbi-nuccore-srlv	SRLV	sh173	Jordan	0	A	2007
alignment/AL_SRLV_A/member/ncbi-nuccore-srlv/KT921319	KT921319	-	ncbi-nuccore-srlv	SRLV	sh235	Jordan	3	A	2007
alignment/AL_SRLV_A/member/ncbi-nuccore-srlv/KT921320	KT921320	-	ncbi-nuccore-srlv	SRLV	sh301	Jordan	3	A	2007
alignment/AL_SRLV_A/member/ncbi-refseqs-srlv/KY358787	KY358787	-	ncbi-refseqs-srlv	SRLV	USMARC-200303013-1	United States	3	A	2006
alignment/AL_SRLV_A/member/ncbi-refseqs-srlv/KY358788	KY358788	-	ncbi-refseqs-srlv	SRLV	USMARC-199906011-2	United States	3	A	2003
alignment/AL_SRLV_A/member/ncbi-nuccore-srlv/L06906	L06906	2824836	ncbi-nuccore-srlv	SRLV	kv1772	-	1	A	-
alignment/AL_SRLV_A/member/ncbi-nuccore-srlv/LC208636	LC208636	-	ncbi-nuccore-srlv	SRLV	12_G2	Japan	1	A	2014
alignment/AL_SRLV_A/member/ncbi-nuccore-srlv/LC208641	LC208641	-	ncbi-nuccore-srlv	SRLV	44_G6	Japan	1	A	2014
alignment/AL_SRLV_A/member/ncbi-nuccore-srlv/LC208646	LC208646	-	ncbi-nuccore-srlv	SRLV	63_G10	Japan	1	A	2014
alignment/AL_SRLV_A/member/ncbi-nuccore-srlv/LC208647	LC208647	-	ncbi-nuccore-srlv	SRLV	73_G12	Japan	1	A	2014
alignment/AL_SRLV_A/member/ncbi-refseqs-srlv/M10608	M10608	2410140	ncbi-refseqs-srlv	SRLV	Icelandic 1514; Icelandic LV1-1	Iceland	1	A	1953
alignment/AL_SRLV_A/member/ncbi-refseqs-srlv/M31646	M31646	2158181	ncbi-refseqs-srlv	SRLV	-	South Africa	1	A	1976
alignment/AL_SRLV_A/member/ncbi-refseqs-srlv/M34193	M34193	2158181	ncbi-refseqs-srlv	SRLV	-	South Africa	1	A	1976
alignment/AL_SRLV_A/member/ncbi-refseqs-srlv/M51543	M51543	2824836	ncbi-refseqs-srlv	SRLV	-	Iceland	1	A	1952
alignment/AL_SRLV_A/member/ncbi-nuccore-srlv/M60609	M60609	1847257	ncbi-nuccore-srlv	SRLV	Icelandic 1514	-	1	A	-
alignment/AL_SRLV_A/member/ncbi-refseqs-srlv/M60610	M60610	1847257	ncbi-refseqs-srlv	SRLV	Icelandic 1514	Iceland	1	A	1949
alignment/AL_SRLV_A/member/ncbi-refseqs-srlv/MG554403	MG554403	-	ncbi-refseqs-srlv	SRLV	SRLV002	Italy	8	A	2008
alignment/AL_SRLV_A/member/ncbi-refseqs-srlv/MG554404	MG554404	-	ncbi-refseqs-srlv	SRLV	SRLV003	Italy	8	A	2008
alignment/AL_SRLV_A/member/ncbi-refseqs-srlv/MG554405	MG554405	-	ncbi-refseqs-srlv	SRLV	SRLV004	Italy	8	A	2008
alignment/AL_SRLV_A/member/ncbi-refseqs-srlv/MG554406	MG554406	-	ncbi-refseqs-srlv	SRLV	SRLV005	Italy	8	A	2008
alignment/AL_SRLV_A/member/ncbi-refseqs-srlv/MG554407	MG554407	-	ncbi-refseqs-srlv	SRLV	SRLV006	Italy	8	A	2008
alignment/AL_SRLV_A/member/ncbi-refseqs-srlv/MG554408	MG554408	-	ncbi-refseqs-srlv	SRLV	SRLV007	Italy	8	A	2008
alignment/AL_SRLV_A/member/ncbi-refseqs-srlv/MG554409	MG554409	-	ncbi-refseqs-srlv	SRLV	SRLV009	Italy	1	A	2008
alignment/AL_SRLV_A/member/ncbi-refseqs-srlv/MH374283	MH374283	-	ncbi-refseqs-srlv	SRLV	SRLV024	Italy	8	A	2017
alignment/AL_SRLV_A/member/ncbi-refseqs-srlv/MH374284	MH374284	-	ncbi-refseqs-srlv	SRLV	SRLV025	Italy	8	A	2017
alignment/AL_SRLV_A/member/ncbi-refseqs-srlv/MH374285	MH374285	-	ncbi-refseqs-srlv	SRLV	SRLV026	Italy	8	A	2017
alignment/AL_SRLV_A/member/ncbi-refseqs-srlv/MH374286	MH374286	-	ncbi-refseqs-srlv	SRLV	SRLV032	Italy	8	A	2017
alignment/AL_SRLV_A/member/ncbi-refseqs-srlv/MH374287	MH374287	-	ncbi-refseqs-srlv	SRLV	SRLV038	Italy	18	A	2017
alignment/AL_SRLV_A/member/ncbi-refseqs-srlv/MH374291	MH374291	-	ncbi-refseqs-srlv	SRLV	SRLV_VdA	Italy	8	A	2017
alignment/AL_SRLV_A/member/ncbi-refseqs-srlv/MH916859	MH916859	-	ncbi-refseqs-srlv	SRLV	1150	United States	3	A	2017
alignment/AL_SRLV_A/member/ncbi-nuccore-srlv/MP829730	MP829730	-	ncbi-nuccore-srlv	SRLV	-	-	1	A	-
alignment/AL_SRLV_A/member/ncbi-refseqs-srlv/MT993896	MT993896	-	ncbi-refseqs-srlv	SRLV	USMARC-200303013-1	United States	3	A	2006
alignment/AL_SRLV_A/member/ncbi-refseqs-srlv/MT993897	MT993897	-	ncbi-refseqs-srlv	SRLV	USMARC-200303038-1	United States	3	A	2006
alignment/AL_SRLV_A/member/ncbi-refseqs-srlv/MT993898	MT993898	-	ncbi-refseqs-srlv	SRLV	USMARC-200303332-1	United States	3	A	2006
alignment/AL_SRLV_A/member/ncbi-refseqs-srlv/MT993899	MT993899	-	ncbi-refseqs-srlv	SRLV	USMARC-200103515-1	United States	3	A	2006
alignment/AL_SRLV_A/member/ncbi-refseqs-srlv/MT993900	MT993900	-	ncbi-refseqs-srlv	SRLV	USMARC-200050064-r	United States	3	A	2006
alignment/AL_SRLV_A/member/ncbi-refseqs-srlv/MT993901	MT993901	-	ncbi-refseqs-srlv	SRLV	USMARC-200323455-1	United States	3	A	2007
alignment/AL_SRLV_A/member/ncbi-refseqs-srlv/MT993902	MT993902	-	ncbi-refseqs-srlv	SRLV	USMARC-200103342-1	United States	3	A	2006
alignment/AL_SRLV_A/member/ncbi-refseqs-srlv/MT993903	MT993903	-	ncbi-refseqs-srlv	SRLV	USMARC-199835918-1	United States	3	A	2007
alignment/AL_SRLV_A/member/ncbi-refseqs-srlv/MT993904	MT993904	-	ncbi-refseqs-srlv	SRLV	USMARC-200023230-1	United States	3	A	2006
alignment/AL_SRLV_A/member/ncbi-refseqs-srlv/MT993905	MT993905	-	ncbi-refseqs-srlv	SRLV	USMARC-201373037-1	United States	3	A	2017
alignment/AL_SRLV_A/member/ncbi-refseqs-srlv/MT993906	MT993906	-	ncbi-refseqs-srlv	SRLV	USMARC-200117502-r	United States	3	A	2006
alignment/AL_SRLV_A/member/ncbi-refseqs-srlv/MT993907	MT993907	-	ncbi-refseqs-srlv	SRLV	USMARC-200216049-r	United States	3	A	2005
alignment/AL_SRLV_A/member/ncbi-refseqs-srlv/MT993908	MT993908	-	ncbi-refseqs-srlv	SRLV	USMARC-200212120-r	United States	3	A	2006
alignment/AL_SRLV_A/member/ncbi-refseqs-srlv/MT993909	MT993909	-	ncbi-refseqs-srlv	SRLV	USMARC-200312013-r	United States	3	A	2007
alignment/AL_SRLV_A/member/ncbi-refseqs-srlv/MT993910	MT993910	-	ncbi-refseqs-srlv	SRLV	USMARC-200312088-r	United States	3	A	2007
alignment/AL_SRLV_A/member/ncbi-refseqs-srlv/MT993911	MT993911	-	ncbi-refseqs-srlv	SRLV	USMARC-199906011-2	United States	3	A	2003
alignment/AL_SRLV_A/member/ncbi-refseqs-srlv/MT993912	MT993912	-	ncbi-refseqs-srlv	SRLV	USMARC-200106932-2	United States	3	A	2006
alignment/AL_SRLV_A/member/ncbi-refseqs-srlv/MT993913	MT993913	-	ncbi-refseqs-srlv	SRLV	USMARC-200106929-2	United States	3	A	2004
alignment/AL_SRLV_A/member/ncbi-refseqs-srlv/MT993914	MT993914	-	ncbi-refseqs-srlv	SRLV	USMARC-200016283-2	United States	3	A	2006
alignment/AL_SRLV_A/member/ncbi-refseqs-srlv/MT993915	MT993915	-	ncbi-refseqs-srlv	SRLV	USMARC-200335185-2	United States	3	A	2007
alignment/AL_SRLV_A/member/ncbi-refseqs-srlv/MT993916	MT993916	-	ncbi-refseqs-srlv	SRLV	USMARC-200177363-2	United States	3	A	2006
alignment/AL_SRLV_A/member/ncbi-refseqs-srlv/MT993917	MT993917	-	ncbi-refseqs-srlv	SRLV	USMARC-199916128-2	United States	3	A	2006
alignment/AL_SRLV_A/member/ncbi-refseqs-srlv/MT993918	MT993918	-	ncbi-refseqs-srlv	SRLV	USMARC-199916193-r	United States	3	A	2006
alignment/AL_SRLV_A/member/ncbi-refseqs-srlv/MW248464	MW248464	-	ncbi-refseqs-srlv	SRLV	NM1111	China	0	A	2020
alignment/AL_SRLV_A/member/ncbi-nuccore-srlv/MZ313871	MZ313871	-	ncbi-nuccore-srlv	SRLV	CMV-1	China	3	A	1992
alignment/AL_SRLV_A/member/ncbi-nuccore-srlv/MZ313872	MZ313872	-	ncbi-nuccore-srlv	SRLV	XM-MDV30	China	3	A	1992
alignment/AL_SRLV_A/member/ncbi-nuccore-srlv/MZ484405	MZ484405	34575988	ncbi-nuccore-srlv	SRLV	BEL-LX160316	Belgium	1	A	2016
alignment/AL_SRLV_A/member/ncbi-refseqs-core/NC_001452	NC_001452	2824836	ncbi-refseqs-core	SRLV	NK	Iceland	1	A	-
alignment/AL_SRLV_A/member/ncbi-nuccore-srlv/NC_001511	NC_001511	2158181	ncbi-nuccore-srlv	SRLV	-	-	1	A	-
alignment/AL_SRLV_A/member/ncbi-refseqs-srlv/S51392	S51392	1651983	ncbi-refseqs-srlv	SRLV	-	United Kingdon	1	A	1984
alignment/AL_SRLV_A/member/ncbi-nuccore-srlv/S55323	S55323	8382414	ncbi-nuccore-srlv	SRLV	-	-	1	A	-
